# This file uses centimeters as units for non-parametric coordinates.

mtllib gphelpsVadersTIEfighter.mtl
g default
v -0.067943 -0.750660 -0.004719
v -0.064453 -0.750660 0.007550
v -0.058767 -0.750660 0.018968
v -0.051080 -0.750660 0.029147
v -0.041654 -0.750660 0.037739
v -0.030809 -0.750660 0.044454
v -0.018916 -0.750660 0.049062
v -0.006378 -0.750660 0.051406
v 0.006378 -0.750660 0.051406
v 0.018916 -0.750660 0.049062
v 0.030810 -0.750660 0.044454
v 0.041654 -0.750660 0.037739
v 0.051080 -0.750660 0.029147
v 0.058767 -0.750660 0.018968
v 0.064453 -0.750660 0.007550
v 0.067943 -0.750660 -0.004719
v 0.069120 -0.750660 -0.017419
v 0.067943 -0.750660 -0.030120
v 0.064453 -0.750660 -0.042389
v 0.058767 -0.750660 -0.053806
v 0.051080 -0.750660 -0.063985
v 0.041654 -0.750660 -0.072579
v 0.030809 -0.750660 -0.079293
v 0.018916 -0.750660 -0.083901
v 0.006378 -0.750660 -0.086245
v -0.006378 -0.750660 -0.086245
v -0.018916 -0.750660 -0.083901
v -0.030809 -0.750660 -0.079293
v -0.041654 -0.750660 -0.072579
v -0.051080 -0.750660 -0.063985
v -0.058767 -0.750660 -0.053806
v -0.064453 -0.750660 -0.042389
v -0.067943 -0.750660 -0.030120
v -0.069120 -0.750660 -0.017419
v -0.135307 -0.741101 0.007874
v -0.128355 -0.741101 0.032306
v -0.117033 -0.741101 0.055044
v -0.101725 -0.741101 0.075315
v -0.082953 -0.741101 0.092428
v -0.061356 -0.741101 0.105800
v -0.037670 -0.741101 0.114976
v -0.012701 -0.741101 0.119644
v 0.012701 -0.741101 0.119644
v 0.037670 -0.741101 0.114976
v 0.061356 -0.741101 0.105800
v 0.082953 -0.741101 0.092428
v 0.101725 -0.741101 0.075315
v 0.117033 -0.741101 0.055044
v 0.128355 -0.741101 0.032306
v 0.135307 -0.741101 0.007874
v 0.137651 -0.741101 -0.017419
v 0.135307 -0.741101 -0.042713
v 0.128355 -0.741101 -0.067145
v 0.117033 -0.741101 -0.089883
v 0.101725 -0.741101 -0.110154
v 0.082953 -0.741101 -0.127267
v 0.061356 -0.741101 -0.140639
v 0.037670 -0.741101 -0.149815
v 0.012701 -0.741101 -0.154483
v -0.012701 -0.741101 -0.154483
v -0.037670 -0.741101 -0.149815
v -0.061356 -0.741101 -0.140639
v -0.082953 -0.741101 -0.127267
v -0.101725 -0.741101 -0.110154
v -0.117033 -0.741101 -0.089883
v -0.128355 -0.741101 -0.067145
v -0.135307 -0.741101 -0.042713
v -0.137651 -0.741101 -0.017419
v -0.201516 -0.725259 0.020250
v -0.191163 -0.725259 0.056638
v -0.174300 -0.725259 0.090503
v -0.151502 -0.725259 0.120693
v -0.123544 -0.725259 0.146179
v -0.091379 -0.725259 0.166095
v -0.056103 -0.725259 0.179761
v -0.018916 -0.725259 0.186713
v 0.018916 -0.725259 0.186713
v 0.056103 -0.725259 0.179761
v 0.091379 -0.725259 0.166095
v 0.123544 -0.725259 0.146179
v 0.151502 -0.725259 0.120693
v 0.174300 -0.725259 0.090503
v 0.191163 -0.725259 0.056637
v 0.201516 -0.725259 0.020250
v 0.205007 -0.725259 -0.017419
v 0.201516 -0.725259 -0.055089
v 0.191163 -0.725259 -0.091476
v 0.174300 -0.725259 -0.125342
v 0.151502 -0.725259 -0.155531
v 0.123544 -0.725259 -0.181018
v 0.091379 -0.725259 -0.200934
v 0.056103 -0.725259 -0.214600
v 0.018916 -0.725259 -0.221552
v -0.018916 -0.725259 -0.221551
v -0.056103 -0.725259 -0.214600
v -0.091379 -0.725259 -0.200934
v -0.123544 -0.725259 -0.181018
v -0.151502 -0.725259 -0.155531
v -0.174300 -0.725259 -0.125342
v -0.191163 -0.725259 -0.091476
v -0.201516 -0.725259 -0.055089
v -0.205007 -0.725259 -0.017419
v -0.266006 -0.703269 0.032306
v -0.252340 -0.703269 0.080337
v -0.230080 -0.703269 0.125040
v -0.199986 -0.703269 0.164892
v -0.163081 -0.703269 0.198535
v -0.120623 -0.703269 0.224824
v -0.074057 -0.703269 0.242864
v -0.024969 -0.703269 0.252040
v 0.024969 -0.703269 0.252040
v 0.074057 -0.703269 0.242864
v 0.120623 -0.703269 0.224824
v 0.163081 -0.703269 0.198535
v 0.199986 -0.703269 0.164892
v 0.230080 -0.703269 0.125040
v 0.252340 -0.703269 0.080337
v 0.266006 -0.703269 0.032306
v 0.270614 -0.703269 -0.017419
v 0.266006 -0.703269 -0.067145
v 0.252340 -0.703269 -0.115176
v 0.230080 -0.703269 -0.159879
v 0.199986 -0.703269 -0.199731
v 0.163081 -0.703269 -0.233374
v 0.120623 -0.703269 -0.259663
v 0.074057 -0.703269 -0.277703
v 0.024969 -0.703269 -0.286879
v -0.024969 -0.703269 -0.286879
v -0.074057 -0.703269 -0.277702
v -0.120623 -0.703269 -0.259663
v -0.163081 -0.703269 -0.233374
v -0.199986 -0.703269 -0.199731
v -0.230080 -0.703269 -0.159879
v -0.252340 -0.703269 -0.115176
v -0.266006 -0.703269 -0.067145
v -0.270614 -0.703269 -0.017419
v -0.328226 -0.675321 0.043937
v -0.311363 -0.675321 0.103203
v -0.283897 -0.675321 0.158363
v -0.246764 -0.675321 0.207536
v -0.201227 -0.675321 0.249048
v -0.148837 -0.675321 0.281486
v -0.091379 -0.675321 0.303745
v -0.030809 -0.675321 0.315068
v 0.030810 -0.675321 0.315068
v 0.091379 -0.675321 0.303745
v 0.148837 -0.675321 0.281486
v 0.201227 -0.675321 0.249048
v 0.246764 -0.675321 0.207536
v 0.283898 -0.675321 0.158362
v 0.311363 -0.675321 0.103203
v 0.328226 -0.675321 0.043937
v 0.333912 -0.675321 -0.017419
v 0.328226 -0.675321 -0.078776
v 0.311363 -0.675321 -0.138042
v 0.283897 -0.675321 -0.193202
v 0.246764 -0.675321 -0.242374
v 0.201227 -0.675321 -0.283887
v 0.148837 -0.675321 -0.316325
v 0.091379 -0.675321 -0.338584
v 0.030809 -0.675321 -0.349907
v -0.030810 -0.675321 -0.349907
v -0.091379 -0.675321 -0.338584
v -0.148837 -0.675321 -0.316325
v -0.201227 -0.675321 -0.283887
v -0.246764 -0.675321 -0.242374
v -0.283897 -0.675321 -0.193201
v -0.311363 -0.675321 -0.138042
v -0.328226 -0.675321 -0.078776
v -0.333912 -0.675321 -0.017419
v -0.387646 -0.641651 0.055044
v -0.367731 -0.641651 0.125040
v -0.335293 -0.641651 0.190185
v -0.291436 -0.641651 0.248260
v -0.237656 -0.641651 0.297288
v -0.175782 -0.641651 0.335598
v -0.107922 -0.641651 0.361887
v -0.036387 -0.641651 0.375259
v 0.036387 -0.641651 0.375259
v 0.107922 -0.641651 0.361887
v 0.175782 -0.641651 0.335598
v 0.237656 -0.641651 0.297288
v 0.291436 -0.641651 0.248260
v 0.335293 -0.641651 0.190185
v 0.367731 -0.641651 0.125040
v 0.387646 -0.641651 0.055044
v 0.394361 -0.641651 -0.017419
v 0.387646 -0.641651 -0.089883
v 0.367731 -0.641651 -0.159879
v 0.335293 -0.641651 -0.225024
v 0.291436 -0.641651 -0.283099
v 0.237656 -0.641651 -0.332127
v 0.175782 -0.641651 -0.370437
v 0.107922 -0.641651 -0.396726
v 0.036387 -0.641651 -0.410098
v -0.036387 -0.641651 -0.410098
v -0.107922 -0.641651 -0.396726
v -0.175782 -0.641651 -0.370437
v -0.237656 -0.641651 -0.332126
v -0.291436 -0.641651 -0.283099
v -0.335293 -0.641651 -0.225024
v -0.367731 -0.641651 -0.159879
v -0.387646 -0.641651 -0.089883
v -0.394361 -0.641651 -0.017419
v -0.443759 -0.602546 0.065534
v -0.420961 -0.602546 0.145662
v -0.383827 -0.602546 0.220236
v -0.333623 -0.602546 0.286718
v -0.272057 -0.602546 0.342842
v -0.201227 -0.602546 0.386698
v -0.123544 -0.602546 0.416793
v -0.041654 -0.602546 0.432101
v 0.041654 -0.602546 0.432101
v 0.123544 -0.602546 0.416793
v 0.201227 -0.602546 0.386698
v 0.272057 -0.602546 0.342842
v 0.333623 -0.602546 0.286718
v 0.383827 -0.602546 0.220236
v 0.420961 -0.602546 0.145662
v 0.443759 -0.602546 0.065534
v 0.451446 -0.602546 -0.017419
v 0.443759 -0.602546 -0.100372
v 0.420961 -0.602546 -0.180501
v 0.383827 -0.602546 -0.255075
v 0.333623 -0.602546 -0.321557
v 0.272057 -0.602546 -0.377681
v 0.201227 -0.602546 -0.421537
v 0.123544 -0.602546 -0.451632
v 0.041654 -0.602546 -0.466940
v -0.041654 -0.602546 -0.466940
v -0.123544 -0.602546 -0.451632
v -0.201227 -0.602546 -0.421537
v -0.272057 -0.602546 -0.377681
v -0.333623 -0.602546 -0.321557
v -0.383827 -0.602546 -0.255075
v -0.420961 -0.602546 -0.180501
v -0.443759 -0.602546 -0.100372
v -0.451446 -0.602546 -0.017419
v -0.496086 -0.558342 0.075315
v -0.470599 -0.558342 0.164892
v -0.429087 -0.558342 0.248260
v -0.372962 -0.558342 0.322581
v -0.304137 -0.558342 0.385323
v -0.224955 -0.558342 0.434351
v -0.138112 -0.558342 0.467994
v -0.046566 -0.558342 0.485107
v 0.046566 -0.558342 0.485107
v 0.138112 -0.558342 0.467994
v 0.224955 -0.558342 0.434351
v 0.304137 -0.558342 0.385323
v 0.372962 -0.558342 0.322581
v 0.429087 -0.558342 0.248260
v 0.470599 -0.558342 0.164892
v 0.496086 -0.558342 0.075315
v 0.504679 -0.558342 -0.017419
v 0.496086 -0.558342 -0.110154
v 0.470599 -0.558342 -0.199731
v 0.429087 -0.558342 -0.283099
v 0.372962 -0.558342 -0.357420
v 0.304137 -0.558342 -0.420162
v 0.224955 -0.558342 -0.469190
v 0.138112 -0.558342 -0.502833
v 0.046566 -0.558342 -0.519946
v -0.046566 -0.558342 -0.519946
v -0.138112 -0.558342 -0.502833
v -0.224955 -0.558342 -0.469190
v -0.304137 -0.558342 -0.420162
v -0.372962 -0.558342 -0.357420
v -0.429087 -0.558342 -0.283099
v -0.470599 -0.558342 -0.199731
v -0.496086 -0.558342 -0.110154
v -0.504679 -0.558342 -0.017419
v -0.544181 -0.509415 0.084306
v -0.516223 -0.509415 0.182566
v -0.470686 -0.509415 0.274017
v -0.409120 -0.509415 0.355543
v -0.333623 -0.509415 0.424368
v -0.246764 -0.509415 0.478149
v -0.151502 -0.509415 0.515054
v -0.051080 -0.509415 0.533826
v 0.051080 -0.509415 0.533826
v 0.151502 -0.509415 0.515054
v 0.246764 -0.509415 0.478149
v 0.333623 -0.509415 0.424368
v 0.409120 -0.509415 0.355543
v 0.470686 -0.509415 0.274017
v 0.516223 -0.509415 0.182566
v 0.544181 -0.509415 0.084306
v 0.553607 -0.509415 -0.017419
v 0.544181 -0.509415 -0.119144
v 0.516223 -0.509415 -0.217405
v 0.470686 -0.509415 -0.308856
v 0.409120 -0.509415 -0.390382
v 0.333623 -0.509415 -0.459207
v 0.246764 -0.509415 -0.512988
v 0.151502 -0.509415 -0.549893
v 0.051080 -0.509415 -0.568665
v -0.051080 -0.509415 -0.568665
v -0.151502 -0.509415 -0.549893
v -0.246764 -0.509415 -0.512988
v -0.333623 -0.509415 -0.459207
v -0.409120 -0.509415 -0.390382
v -0.470686 -0.509415 -0.308856
v -0.516223 -0.509415 -0.217405
v -0.544181 -0.509415 -0.119144
v -0.553607 -0.509415 -0.017419
v -0.587632 -0.456181 0.092428
v -0.557442 -0.456181 0.198535
v -0.508269 -0.456181 0.297288
v -0.441788 -0.456181 0.385323
v -0.360262 -0.456181 0.459644
v -0.266467 -0.456181 0.517719
v -0.163599 -0.456181 0.557571
v -0.055159 -0.456181 0.577842
v 0.055159 -0.456181 0.577842
v 0.163599 -0.456181 0.557571
v 0.266467 -0.456181 0.517719
v 0.360262 -0.456181 0.459644
v 0.441788 -0.456181 0.385323
v 0.508269 -0.456181 0.297288
v 0.557442 -0.456181 0.198535
v 0.587632 -0.456181 0.092428
v 0.597811 -0.456181 -0.017419
v 0.587632 -0.456181 -0.127267
v 0.557442 -0.456181 -0.233374
v 0.508269 -0.456181 -0.332127
v 0.441788 -0.456181 -0.420162
v 0.360262 -0.456181 -0.494483
v 0.266467 -0.456181 -0.552558
v 0.163599 -0.456181 -0.592409
v 0.055159 -0.456181 -0.612680
v -0.055159 -0.456181 -0.612680
v -0.163599 -0.456181 -0.592409
v -0.266467 -0.456181 -0.552558
v -0.360262 -0.456181 -0.494483
v -0.441788 -0.456181 -0.420162
v -0.508269 -0.456181 -0.332127
v -0.557442 -0.456181 -0.233374
v -0.587632 -0.456181 -0.127267
v -0.597811 -0.456181 -0.017419
v -0.626070 -0.399097 0.099613
v -0.593906 -0.399097 0.212661
v -0.541516 -0.399097 0.317873
v -0.470686 -0.399097 0.411668
v -0.383827 -0.399097 0.490850
v -0.283897 -0.399097 0.552724
v -0.174300 -0.399097 0.595182
v -0.058767 -0.399097 0.616779
v 0.058767 -0.399097 0.616779
v 0.174300 -0.399097 0.595182
v 0.283898 -0.399097 0.552724
v 0.383827 -0.399097 0.490850
v 0.470686 -0.399097 0.411668
v 0.541516 -0.399097 0.317873
v 0.593906 -0.399097 0.212661
v 0.626070 -0.399097 0.099613
v 0.636915 -0.399097 -0.017419
v 0.626070 -0.399097 -0.134452
v 0.593906 -0.399097 -0.247500
v 0.541516 -0.399097 -0.352712
v 0.470686 -0.399097 -0.446507
v 0.383827 -0.399097 -0.525689
v 0.283897 -0.399097 -0.587563
v 0.174300 -0.399097 -0.630021
v 0.058767 -0.399097 -0.651618
v -0.058767 -0.399097 -0.651618
v -0.174300 -0.399097 -0.630021
v -0.283898 -0.399097 -0.587563
v -0.383827 -0.399097 -0.525689
v -0.470686 -0.399097 -0.446507
v -0.541516 -0.399097 -0.352712
v -0.593906 -0.399097 -0.247500
v -0.626070 -0.399097 -0.134452
v -0.636915 -0.399097 -0.017419
v -0.659167 -0.338647 0.105800
v -0.625302 -0.338647 0.224824
v -0.570143 -0.338647 0.335598
v -0.495568 -0.338647 0.434351
v -0.404118 -0.338647 0.517719
v -0.298905 -0.338647 0.582864
v -0.183514 -0.338647 0.627567
v -0.061874 -0.338647 0.650305
v 0.061874 -0.338647 0.650305
v 0.183514 -0.338647 0.627567
v 0.298906 -0.338647 0.582864
v 0.404118 -0.338647 0.517719
v 0.495569 -0.338647 0.434351
v 0.570143 -0.338647 0.335598
v 0.625302 -0.338647 0.224824
v 0.659167 -0.338647 0.105800
v 0.670585 -0.338647 -0.017419
v 0.659167 -0.338647 -0.140639
v 0.625302 -0.338647 -0.259663
v 0.570143 -0.338647 -0.370437
v 0.495568 -0.338647 -0.469190
v 0.404118 -0.338647 -0.552558
v 0.298906 -0.338647 -0.617703
v 0.183514 -0.338647 -0.662406
v 0.061874 -0.338647 -0.685144
v -0.061874 -0.338647 -0.685144
v -0.183514 -0.338647 -0.662405
v -0.298906 -0.338647 -0.617703
v -0.404118 -0.338647 -0.552558
v -0.495569 -0.338647 -0.469190
v -0.570143 -0.338647 -0.370437
v -0.625302 -0.338647 -0.259663
v -0.659167 -0.338647 -0.140639
v -0.670585 -0.338647 -0.017419
v -0.686640 -0.275349 0.110936
v -0.651364 -0.275349 0.234920
v -0.593906 -0.275349 0.350311
v -0.516223 -0.275349 0.453180
v -0.420961 -0.275349 0.540023
v -0.311363 -0.275349 0.607883
v -0.191163 -0.275349 0.654449
v -0.064452 -0.275349 0.678135
v 0.064453 -0.275349 0.678135
v 0.191163 -0.275349 0.654449
v 0.311364 -0.275349 0.607883
v 0.420961 -0.275349 0.540023
v 0.516223 -0.275349 0.453180
v 0.593906 -0.275349 0.350311
v 0.651364 -0.275349 0.234920
v 0.686640 -0.275349 0.110936
v 0.698534 -0.275349 -0.017419
v 0.686640 -0.275349 -0.145775
v 0.651364 -0.275349 -0.269759
v 0.593906 -0.275349 -0.385150
v 0.516223 -0.275349 -0.488019
v 0.420961 -0.275349 -0.574862
v 0.311363 -0.275349 -0.642722
v 0.191163 -0.275349 -0.689288
v 0.064453 -0.275349 -0.712974
v -0.064453 -0.275349 -0.712974
v -0.191163 -0.275349 -0.689288
v -0.311363 -0.275349 -0.642722
v -0.420961 -0.275349 -0.574862
v -0.516223 -0.275349 -0.488019
v -0.593906 -0.275349 -0.385150
v -0.651364 -0.275349 -0.269759
v -0.686640 -0.275349 -0.145775
v -0.698534 -0.275349 -0.017419
v -0.708255 -0.209742 0.114976
v -0.671868 -0.209742 0.242864
v -0.612601 -0.209742 0.361887
v -0.532473 -0.209742 0.467994
v -0.434212 -0.209742 0.557571
v -0.321165 -0.209742 0.627567
v -0.197180 -0.209742 0.675599
v -0.066481 -0.209742 0.700031
v 0.066482 -0.209742 0.700030
v 0.197181 -0.209742 0.675599
v 0.321165 -0.209742 0.627567
v 0.434213 -0.209742 0.557571
v 0.532473 -0.209742 0.467994
v 0.612601 -0.209742 0.361887
v 0.671868 -0.209742 0.242864
v 0.708255 -0.209742 0.114976
v 0.720523 -0.209742 -0.017419
v 0.708255 -0.209742 -0.149815
v 0.671868 -0.209742 -0.277703
v 0.612601 -0.209742 -0.396726
v 0.532473 -0.209742 -0.502833
v 0.434212 -0.209742 -0.592410
v 0.321165 -0.209742 -0.662406
v 0.197180 -0.209742 -0.710438
v 0.066481 -0.209742 -0.734870
v -0.066482 -0.209742 -0.734869
v -0.197181 -0.209742 -0.710438
v -0.321165 -0.209742 -0.662405
v -0.434212 -0.209742 -0.592409
v -0.532473 -0.209742 -0.502833
v -0.612601 -0.209742 -0.396726
v -0.671868 -0.209742 -0.277702
v -0.708255 -0.209742 -0.149815
v -0.720523 -0.209742 -0.017419
v -0.723827 -0.142386 0.117887
v -0.686640 -0.142386 0.248587
v -0.626070 -0.142386 0.370227
v -0.544181 -0.142386 0.478667
v -0.443759 -0.142386 0.570213
v -0.328226 -0.142386 0.641748
v -0.201516 -0.142386 0.690836
v -0.067943 -0.142386 0.715805
v 0.067943 -0.142386 0.715805
v 0.201516 -0.142386 0.690836
v 0.328226 -0.142386 0.641748
v 0.443759 -0.142386 0.570213
v 0.544181 -0.142386 0.478667
v 0.626071 -0.142386 0.370227
v 0.686640 -0.142386 0.248586
v 0.723827 -0.142386 0.117887
v 0.736366 -0.142386 -0.017419
v 0.723827 -0.142386 -0.152726
v 0.686640 -0.142386 -0.283426
v 0.626070 -0.142386 -0.405066
v 0.544181 -0.142386 -0.513506
v 0.443759 -0.142386 -0.605052
v 0.328226 -0.142386 -0.676587
v 0.201516 -0.142386 -0.725675
v 0.067943 -0.142386 -0.750644
v -0.067943 -0.142386 -0.750644
v -0.201516 -0.142386 -0.725675
v -0.328226 -0.142386 -0.676587
v -0.443759 -0.142386 -0.605052
v -0.544181 -0.142386 -0.513506
v -0.626070 -0.142386 -0.405066
v -0.686640 -0.142386 -0.283425
v -0.723827 -0.142386 -0.152726
v -0.736366 -0.142386 -0.017419
v -0.733224 -0.073855 0.119644
v -0.695554 -0.073855 0.252040
v -0.634198 -0.073855 0.375260
v -0.551245 -0.073855 0.485107
v -0.449520 -0.073855 0.577842
v -0.332487 -0.073855 0.650305
v -0.204132 -0.073855 0.700031
v -0.068825 -0.073855 0.725324
v 0.068825 -0.073855 0.725324
v 0.204132 -0.073855 0.700031
v 0.332487 -0.073855 0.650305
v 0.449520 -0.073855 0.577842
v 0.551245 -0.073855 0.485107
v 0.634198 -0.073855 0.375259
v 0.695554 -0.073855 0.252040
v 0.733224 -0.073855 0.119644
v 0.745925 -0.073855 -0.017419
v 0.733224 -0.073855 -0.154483
v 0.695554 -0.073855 -0.286879
v 0.634198 -0.073855 -0.410099
v 0.551245 -0.073855 -0.519946
v 0.449520 -0.073855 -0.612681
v 0.332487 -0.073855 -0.685144
v 0.204132 -0.073855 -0.734870
v 0.068825 -0.073855 -0.760162
v -0.068825 -0.073855 -0.760162
v -0.204132 -0.073855 -0.734870
v -0.332487 -0.073855 -0.685144
v -0.449520 -0.073855 -0.612680
v -0.551245 -0.073855 -0.519946
v -0.634198 -0.073855 -0.410098
v -0.695554 -0.073855 -0.286879
v -0.733224 -0.073855 -0.154483
v -0.745925 -0.073855 -0.017419
v -0.736365 -0.004735 0.120231
v -0.698534 -0.004735 0.253194
v -0.636915 -0.004735 0.376942
v -0.553607 -0.004735 0.487260
v -0.451446 -0.004735 0.580392
v -0.333912 -0.004735 0.653166
v -0.205006 -0.004735 0.703104
v -0.069120 -0.004735 0.728506
v 0.069120 -0.004735 0.728506
v 0.205007 -0.004735 0.703104
v 0.333912 -0.004735 0.653166
v 0.451446 -0.004735 0.580392
v 0.553607 -0.004735 0.487260
v 0.636915 -0.004735 0.376942
v 0.698534 -0.004735 0.253194
v 0.736366 -0.004735 0.120231
v 0.749121 -0.004735 -0.017419
v 0.736366 -0.004735 -0.155070
v 0.698534 -0.004735 -0.288033
v 0.636915 -0.004735 -0.411781
v 0.553607 -0.004735 -0.522099
v 0.451446 -0.004735 -0.615231
v 0.333912 -0.004735 -0.688005
v 0.205007 -0.004735 -0.737943
v 0.069120 -0.004735 -0.763345
v -0.069120 -0.004735 -0.763345
v -0.205007 -0.004735 -0.737943
v -0.333912 -0.004735 -0.688005
v -0.451446 -0.004735 -0.615231
v -0.553607 -0.004735 -0.522099
v -0.636915 -0.004735 -0.411781
v -0.698534 -0.004735 -0.288033
v -0.736366 -0.004735 -0.155070
v -0.749121 -0.004735 -0.017419
v -0.733224 0.064385 0.119644
v -0.695554 0.064385 0.252040
v -0.634198 0.064385 0.375260
v -0.551245 0.064385 0.485107
v -0.449520 0.064385 0.577842
v -0.332487 0.064385 0.650305
v -0.204132 0.064385 0.700031
v -0.068825 0.064385 0.725324
v 0.068825 0.064385 0.725324
v 0.204132 0.064385 0.700031
v 0.332487 0.064385 0.650305
v 0.449520 0.064385 0.577842
v 0.551245 0.064385 0.485107
v 0.634198 0.064385 0.375259
v 0.695554 0.064385 0.252040
v 0.733224 0.064385 0.119644
v 0.745925 0.064385 -0.017419
v 0.733224 0.064385 -0.154483
v 0.695554 0.064385 -0.286879
v 0.634198 0.064385 -0.410099
v 0.551245 0.064385 -0.519946
v 0.449520 0.064385 -0.612681
v 0.332487 0.064385 -0.685144
v 0.204132 0.064385 -0.734870
v 0.068825 0.064385 -0.760162
v -0.068825 0.064385 -0.760162
v -0.204132 0.064385 -0.734870
v -0.332487 0.064385 -0.685144
v -0.449520 0.064385 -0.612680
v -0.551245 0.064385 -0.519946
v -0.634198 0.064385 -0.410098
v -0.695554 0.064385 -0.286879
v -0.733224 0.064385 -0.154483
v -0.745925 0.064385 -0.017419
v -0.723827 0.132915 0.117887
v -0.686640 0.132915 0.248587
v -0.626070 0.132915 0.370227
v -0.544181 0.132915 0.478667
v -0.443759 0.132915 0.570213
v -0.328226 0.132915 0.641748
v -0.201516 0.132915 0.690836
v -0.067943 0.132915 0.715805
v 0.067943 0.132915 0.715805
v 0.201516 0.132915 0.690836
v 0.328226 0.132915 0.641748
v 0.443759 0.132915 0.570213
v 0.544181 0.132915 0.478667
v 0.626071 0.132915 0.370227
v 0.686640 0.132915 0.248586
v 0.723827 0.132915 0.117887
v 0.736366 0.132915 -0.017419
v 0.723827 0.132915 -0.152726
v 0.686640 0.132915 -0.283426
v 0.626070 0.132915 -0.405066
v 0.544181 0.132915 -0.513506
v 0.443759 0.132915 -0.605052
v 0.328226 0.132915 -0.676587
v 0.201516 0.132915 -0.725675
v 0.067943 0.132915 -0.750644
v -0.067943 0.132915 -0.750644
v -0.201516 0.132915 -0.725675
v -0.328226 0.132915 -0.676587
v -0.443759 0.132915 -0.605052
v -0.544181 0.132915 -0.513506
v -0.626070 0.132915 -0.405066
v -0.686640 0.132915 -0.283425
v -0.723827 0.132915 -0.152726
v -0.736366 0.132915 -0.017419
v -0.708255 0.200271 0.114976
v -0.671868 0.200271 0.242864
v -0.612601 0.200271 0.361887
v -0.532473 0.200271 0.467994
v -0.434212 0.200271 0.557571
v -0.321165 0.200271 0.627567
v -0.197180 0.200271 0.675599
v -0.066481 0.200271 0.700031
v 0.066482 0.200271 0.700030
v 0.197181 0.200271 0.675599
v 0.321165 0.200271 0.627567
v 0.434213 0.200271 0.557571
v 0.532473 0.200271 0.467994
v 0.612601 0.200271 0.361887
v 0.671868 0.200271 0.242864
v 0.708255 0.200271 0.114976
v 0.720523 0.200271 -0.017419
v 0.708255 0.200271 -0.149815
v 0.671868 0.200271 -0.277703
v 0.612601 0.200271 -0.396726
v 0.532473 0.200271 -0.502833
v 0.434212 0.200271 -0.592410
v 0.321165 0.200271 -0.662406
v 0.197180 0.200271 -0.710438
v 0.066481 0.200271 -0.734870
v -0.066482 0.200271 -0.734869
v -0.197181 0.200271 -0.710438
v -0.321165 0.200271 -0.662405
v -0.434212 0.200271 -0.592409
v -0.532473 0.200271 -0.502833
v -0.612601 0.200271 -0.396726
v -0.671868 0.200271 -0.277702
v -0.708255 0.200271 -0.149815
v -0.720523 0.200271 -0.017419
v -0.686640 0.265878 0.110936
v -0.651364 0.265878 0.234920
v -0.593906 0.265878 0.350311
v -0.516223 0.265878 0.453180
v -0.420961 0.265878 0.540023
v -0.311363 0.265878 0.607883
v -0.191163 0.265878 0.654449
v -0.064452 0.265878 0.678135
v 0.064453 0.265878 0.678135
v 0.191163 0.265878 0.654449
v 0.311364 0.265878 0.607883
v 0.420961 0.265878 0.540023
v 0.516223 0.265878 0.453180
v 0.593906 0.265878 0.350311
v 0.651364 0.265878 0.234920
v 0.686640 0.265878 0.110936
v 0.698534 0.265878 -0.017419
v 0.686640 0.265878 -0.145775
v 0.651364 0.265878 -0.269759
v 0.593906 0.265878 -0.385150
v 0.516223 0.265878 -0.488019
v 0.420961 0.265878 -0.574862
v 0.311363 0.265878 -0.642722
v 0.191163 0.265878 -0.689288
v 0.064453 0.265878 -0.712974
v -0.064453 0.265878 -0.712974
v -0.191163 0.265878 -0.689288
v -0.311363 0.265878 -0.642722
v -0.420961 0.265878 -0.574862
v -0.516223 0.265878 -0.488019
v -0.593906 0.265878 -0.385150
v -0.651364 0.265878 -0.269759
v -0.686640 0.265878 -0.145775
v -0.698534 0.265878 -0.017419
v -0.659167 0.329176 0.105800
v -0.625302 0.329176 0.224824
v -0.570143 0.329176 0.335598
v -0.495568 0.329176 0.434351
v -0.404118 0.329176 0.517719
v -0.298905 0.329176 0.582864
v -0.183514 0.329176 0.627567
v -0.061874 0.329176 0.650305
v 0.061874 0.329176 0.650305
v 0.183514 0.329176 0.627567
v 0.298906 0.329176 0.582864
v 0.404118 0.329176 0.517719
v 0.495569 0.329176 0.434351
v 0.570143 0.329176 0.335598
v 0.625302 0.329176 0.224824
v 0.659167 0.329176 0.105800
v 0.670585 0.329176 -0.017419
v 0.659167 0.329176 -0.140639
v 0.625302 0.329176 -0.259663
v 0.570143 0.329176 -0.370437
v 0.495568 0.329176 -0.469190
v 0.404118 0.329176 -0.552558
v 0.298906 0.329176 -0.617703
v 0.183514 0.329176 -0.662406
v 0.061874 0.329176 -0.685144
v -0.061874 0.329176 -0.685144
v -0.183514 0.329176 -0.662405
v -0.298906 0.329176 -0.617703
v -0.404118 0.329176 -0.552558
v -0.495569 0.329176 -0.469190
v -0.570143 0.329176 -0.370437
v -0.625302 0.329176 -0.259663
v -0.659167 0.329176 -0.140639
v -0.670585 0.329176 -0.017419
v -0.626070 0.389626 0.099613
v -0.593906 0.389626 0.212661
v -0.541516 0.389626 0.317873
v -0.470686 0.389626 0.411668
v -0.383827 0.389626 0.490850
v -0.283897 0.389626 0.552724
v -0.174300 0.389626 0.595182
v -0.058767 0.389626 0.616779
v 0.058767 0.389626 0.616779
v 0.174300 0.389626 0.595182
v 0.283898 0.389626 0.552724
v 0.383827 0.389626 0.490850
v 0.470686 0.389626 0.411668
v 0.541516 0.389626 0.317873
v 0.593906 0.389626 0.212661
v 0.626070 0.389626 0.099613
v 0.636915 0.389626 -0.017419
v 0.626070 0.389626 -0.134452
v 0.593906 0.389626 -0.247500
v 0.541516 0.389626 -0.352712
v 0.470686 0.389626 -0.446507
v 0.383827 0.389626 -0.525689
v 0.283897 0.389626 -0.587563
v 0.174300 0.389626 -0.630021
v 0.058767 0.389626 -0.651618
v -0.058767 0.389626 -0.651618
v -0.174300 0.389626 -0.630021
v -0.283898 0.389626 -0.587563
v -0.383827 0.389626 -0.525689
v -0.470686 0.389626 -0.446507
v -0.541516 0.389626 -0.352712
v -0.593906 0.389626 -0.247500
v -0.626070 0.389626 -0.134452
v -0.636915 0.389626 -0.017419
v -0.587632 0.446711 0.092428
v -0.557442 0.446711 0.198535
v -0.508269 0.446711 0.297288
v -0.441788 0.446711 0.385323
v -0.360262 0.446711 0.459644
v -0.266467 0.446711 0.517719
v -0.163599 0.446711 0.557571
v -0.055159 0.446711 0.577842
v 0.055159 0.446711 0.577842
v 0.163599 0.446711 0.557571
v 0.266467 0.446711 0.517719
v 0.360262 0.446711 0.459644
v 0.441788 0.446711 0.385323
v 0.508269 0.446711 0.297288
v 0.557442 0.446711 0.198535
v 0.587632 0.446711 0.092428
v 0.597811 0.446711 -0.017419
v 0.587632 0.446711 -0.127267
v 0.557442 0.446711 -0.233374
v 0.508269 0.446711 -0.332127
v 0.441788 0.446711 -0.420162
v 0.360262 0.446711 -0.494483
v 0.266467 0.446711 -0.552558
v 0.163599 0.446711 -0.592409
v 0.055159 0.446711 -0.612680
v -0.055159 0.446711 -0.612680
v -0.163599 0.446711 -0.592409
v -0.266467 0.446711 -0.552558
v -0.360262 0.446711 -0.494483
v -0.441788 0.446711 -0.420162
v -0.508269 0.446711 -0.332127
v -0.557442 0.446711 -0.233374
v -0.587632 0.446711 -0.127267
v -0.597811 0.446711 -0.017419
v -0.544181 0.499944 0.084306
v -0.516223 0.499944 0.182566
v -0.470686 0.499944 0.274017
v -0.409120 0.499944 0.355543
v -0.333623 0.499944 0.424368
v -0.246764 0.499944 0.478149
v -0.151502 0.499944 0.515054
v -0.051080 0.499944 0.533826
v 0.051080 0.499944 0.533826
v 0.151502 0.499944 0.515054
v 0.246764 0.499944 0.478149
v 0.333623 0.499944 0.424368
v 0.409120 0.499944 0.355543
v 0.470686 0.499944 0.274017
v 0.516223 0.499944 0.182566
v 0.544181 0.499944 0.084306
v 0.553607 0.499944 -0.017419
v 0.544181 0.499944 -0.119144
v 0.516223 0.499944 -0.217405
v 0.470686 0.499944 -0.308856
v 0.409120 0.499944 -0.390382
v 0.333623 0.499944 -0.459207
v 0.246764 0.499944 -0.512988
v 0.151502 0.499944 -0.549893
v 0.051080 0.499944 -0.568665
v -0.051080 0.499944 -0.568665
v -0.151502 0.499944 -0.549893
v -0.246764 0.499944 -0.512988
v -0.333623 0.499944 -0.459207
v -0.409120 0.499944 -0.390382
v -0.470686 0.499944 -0.308856
v -0.516223 0.499944 -0.217405
v -0.544181 0.499944 -0.119144
v -0.553607 0.499944 -0.017419
v -0.496086 0.548872 0.075315
v -0.470599 0.548872 0.164892
v -0.429087 0.548872 0.248260
v -0.372962 0.548872 0.322581
v -0.304137 0.548872 0.385323
v -0.224955 0.548872 0.434351
v -0.138112 0.548872 0.467994
v -0.046566 0.548872 0.485107
v 0.046566 0.548872 0.485107
v 0.138112 0.548872 0.467994
v 0.224955 0.548872 0.434351
v 0.304137 0.548872 0.385323
v 0.372962 0.548872 0.322581
v 0.429087 0.548872 0.248260
v 0.470599 0.548872 0.164892
v 0.496086 0.548872 0.075315
v 0.504679 0.548872 -0.017419
v 0.496086 0.548872 -0.110154
v 0.470599 0.548872 -0.199731
v 0.429087 0.548872 -0.283099
v 0.372962 0.548872 -0.357420
v 0.304137 0.548872 -0.420162
v 0.224955 0.548872 -0.469190
v 0.138112 0.548872 -0.502833
v 0.046566 0.548872 -0.519946
v -0.046566 0.548872 -0.519946
v -0.138112 0.548872 -0.502833
v -0.224955 0.548872 -0.469190
v -0.304137 0.548872 -0.420162
v -0.372962 0.548872 -0.357420
v -0.429087 0.548872 -0.283099
v -0.470599 0.548872 -0.199731
v -0.496086 0.548872 -0.110154
v -0.504679 0.548872 -0.017419
v -0.443759 0.593076 0.065534
v -0.420961 0.593076 0.145662
v -0.383827 0.593076 0.220236
v -0.333623 0.593076 0.286718
v -0.272057 0.593076 0.342842
v -0.201227 0.593076 0.386698
v -0.123544 0.593076 0.416793
v -0.041654 0.593076 0.432101
v 0.041654 0.593076 0.432101
v 0.123544 0.593076 0.416793
v 0.201227 0.593076 0.386698
v 0.272057 0.593076 0.342842
v 0.333623 0.593076 0.286718
v 0.383827 0.593076 0.220236
v 0.420961 0.593076 0.145662
v 0.443759 0.593076 0.065534
v 0.451446 0.593076 -0.017419
v 0.443759 0.593076 -0.100372
v 0.420961 0.593076 -0.180501
v 0.383827 0.593076 -0.255075
v 0.333623 0.593076 -0.321557
v 0.272057 0.593076 -0.377681
v 0.201227 0.593076 -0.421537
v 0.123544 0.593076 -0.451632
v 0.041654 0.593076 -0.466940
v -0.041654 0.593076 -0.466940
v -0.123544 0.593076 -0.451632
v -0.201227 0.593076 -0.421537
v -0.272057 0.593076 -0.377681
v -0.333623 0.593076 -0.321557
v -0.383827 0.593076 -0.255075
v -0.420961 0.593076 -0.180501
v -0.443759 0.593076 -0.100372
v -0.451446 0.593076 -0.017419
v -0.387646 0.632180 0.055044
v -0.367731 0.632180 0.125040
v -0.335293 0.632180 0.190185
v -0.291436 0.632180 0.248260
v -0.237656 0.632180 0.297288
v -0.175782 0.632180 0.335598
v -0.107922 0.632180 0.361887
v -0.036387 0.632180 0.375259
v 0.036387 0.632180 0.375259
v 0.107922 0.632180 0.361887
v 0.175782 0.632180 0.335598
v 0.237656 0.632180 0.297288
v 0.291436 0.632180 0.248260
v 0.335293 0.632180 0.190185
v 0.367731 0.632180 0.125040
v 0.387646 0.632180 0.055044
v 0.394361 0.632180 -0.017419
v 0.387646 0.632180 -0.089883
v 0.367731 0.632180 -0.159879
v 0.335293 0.632180 -0.225024
v 0.291436 0.632180 -0.283099
v 0.237656 0.632180 -0.332127
v 0.175782 0.632180 -0.370437
v 0.107922 0.632180 -0.396726
v 0.036387 0.632180 -0.410098
v -0.036387 0.632180 -0.410098
v -0.107922 0.632180 -0.396726
v -0.175782 0.632180 -0.370437
v -0.237656 0.632180 -0.332126
v -0.291436 0.632180 -0.283099
v -0.335293 0.632180 -0.225024
v -0.367731 0.632180 -0.159879
v -0.387646 0.632180 -0.089883
v -0.394361 0.632180 -0.017419
v -0.328226 0.665850 0.043937
v -0.311363 0.665850 0.103203
v -0.283897 0.665850 0.158363
v -0.246764 0.665850 0.207536
v -0.201227 0.665850 0.249048
v -0.148837 0.665850 0.281486
v -0.091379 0.665850 0.303745
v -0.030809 0.665850 0.315068
v 0.030810 0.665850 0.315068
v 0.091379 0.665850 0.303745
v 0.148837 0.665850 0.281486
v 0.201227 0.665850 0.249048
v 0.246764 0.665850 0.207536
v 0.283898 0.665850 0.158362
v 0.311363 0.665850 0.103203
v 0.328226 0.665850 0.043937
v 0.333912 0.665850 -0.017419
v 0.328226 0.665850 -0.078776
v 0.311363 0.665850 -0.138042
v 0.283897 0.665850 -0.193202
v 0.246764 0.665850 -0.242374
v 0.201227 0.665850 -0.283887
v 0.148837 0.665850 -0.316325
v 0.091379 0.665850 -0.338584
v 0.030809 0.665850 -0.349907
v -0.030810 0.665850 -0.349907
v -0.091379 0.665850 -0.338584
v -0.148837 0.665850 -0.316325
v -0.201227 0.665850 -0.283887
v -0.246764 0.665850 -0.242374
v -0.283897 0.665850 -0.193201
v -0.311363 0.665850 -0.138042
v -0.328226 0.665850 -0.078776
v -0.333912 0.665850 -0.017419
v -0.266006 0.693799 0.032306
v -0.252340 0.693799 0.080337
v -0.230080 0.693799 0.125040
v -0.199986 0.693799 0.164892
v -0.163081 0.693799 0.198535
v -0.120623 0.693799 0.224824
v -0.074057 0.693799 0.242864
v -0.024969 0.693799 0.252040
v 0.024969 0.693799 0.252040
v 0.074057 0.693799 0.242864
v 0.120623 0.693799 0.224824
v 0.163081 0.693799 0.198535
v 0.199986 0.693799 0.164892
v 0.230080 0.693799 0.125040
v 0.252340 0.693799 0.080337
v 0.266006 0.693799 0.032306
v 0.270614 0.693799 -0.017419
v 0.266006 0.693799 -0.067145
v 0.252340 0.693799 -0.115176
v 0.230080 0.693799 -0.159879
v 0.199986 0.693799 -0.199731
v 0.163081 0.693799 -0.233374
v 0.120623 0.693799 -0.259663
v 0.074057 0.693799 -0.277703
v 0.024969 0.693799 -0.286879
v -0.024969 0.693799 -0.286879
v -0.074057 0.693799 -0.277702
v -0.120623 0.693799 -0.259663
v -0.163081 0.693799 -0.233374
v -0.199986 0.693799 -0.199731
v -0.230080 0.693799 -0.159879
v -0.252340 0.693799 -0.115176
v -0.266006 0.693799 -0.067145
v -0.270614 0.693799 -0.017419
v -0.201516 0.715788 0.020250
v -0.191163 0.715788 0.056638
v -0.174300 0.715788 0.090503
v -0.151502 0.715788 0.120693
v -0.123544 0.715788 0.146179
v -0.091379 0.715788 0.166095
v -0.056103 0.715788 0.179761
v -0.018916 0.715788 0.186713
v 0.018916 0.715788 0.186713
v 0.056103 0.715788 0.179761
v 0.091379 0.715788 0.166095
v 0.123544 0.715788 0.146179
v 0.151502 0.715788 0.120693
v 0.174300 0.715788 0.090503
v 0.191163 0.715788 0.056637
v 0.201516 0.715788 0.020250
v 0.205007 0.715788 -0.017419
v 0.201516 0.715788 -0.055089
v 0.191163 0.715788 -0.091476
v 0.174300 0.715788 -0.125342
v 0.151502 0.715788 -0.155531
v 0.123544 0.715788 -0.181018
v 0.091379 0.715788 -0.200934
v 0.056103 0.715788 -0.214600
v 0.018916 0.715788 -0.221552
v -0.018916 0.715788 -0.221551
v -0.056103 0.715788 -0.214600
v -0.091379 0.715788 -0.200934
v -0.123544 0.715788 -0.181018
v -0.151502 0.715788 -0.155531
v -0.174300 0.715788 -0.125342
v -0.191163 0.715788 -0.091476
v -0.201516 0.715788 -0.055089
v -0.205007 0.715788 -0.017419
v -0.135307 0.731630 0.007874
v -0.128355 0.731630 0.032306
v -0.117033 0.731630 0.055044
v -0.101725 0.731630 0.075315
v -0.082953 0.731630 0.092428
v -0.061356 0.731630 0.105800
v -0.037670 0.731630 0.114976
v -0.012701 0.731630 0.119644
v 0.012701 0.731630 0.119644
v 0.037670 0.731630 0.114976
v 0.061356 0.731630 0.105800
v 0.082953 0.731630 0.092428
v 0.101725 0.731630 0.075315
v 0.117033 0.731630 0.055044
v 0.128355 0.731630 0.032306
v 0.135307 0.731630 0.007874
v 0.137651 0.731630 -0.017419
v 0.135307 0.731630 -0.042713
v 0.128355 0.731630 -0.067145
v 0.117033 0.731630 -0.089883
v 0.101725 0.731630 -0.110154
v 0.082953 0.731630 -0.127267
v 0.061356 0.731630 -0.140639
v 0.037670 0.731630 -0.149815
v 0.012701 0.731630 -0.154483
v -0.012701 0.731630 -0.154483
v -0.037670 0.731630 -0.149815
v -0.061356 0.731630 -0.140639
v -0.082953 0.731630 -0.127267
v -0.101725 0.731630 -0.110154
v -0.117033 0.731630 -0.089883
v -0.128355 0.731630 -0.067145
v -0.135307 0.731630 -0.042713
v -0.137651 0.731630 -0.017419
v -0.067943 0.741190 -0.004719
v -0.064453 0.741190 0.007550
v -0.058767 0.741190 0.018968
v -0.051080 0.741190 0.029147
v -0.041654 0.741190 0.037739
v -0.030809 0.741190 0.044454
v -0.018916 0.741190 0.049062
v -0.006378 0.741190 0.051406
v 0.006378 0.741190 0.051406
v 0.018916 0.741190 0.049062
v 0.030810 0.741190 0.044454
v 0.041654 0.741190 0.037739
v 0.051080 0.741190 0.029147
v 0.058767 0.741190 0.018968
v 0.064453 0.741190 0.007550
v 0.067943 0.741190 -0.004719
v 0.069120 0.741190 -0.017419
v 0.067943 0.741190 -0.030120
v 0.064453 0.741190 -0.042389
v 0.058767 0.741190 -0.053806
v 0.051080 0.741190 -0.063985
v 0.041654 0.741190 -0.072579
v 0.030809 0.741190 -0.079293
v 0.018916 0.741190 -0.083901
v 0.006378 0.741190 -0.086245
v -0.006378 0.741190 -0.086245
v -0.018916 0.741190 -0.083901
v -0.030809 0.741190 -0.079293
v -0.041654 0.741190 -0.072579
v -0.051080 0.741190 -0.063985
v -0.058767 0.741190 -0.053806
v -0.064453 0.741190 -0.042389
v -0.067943 0.741190 -0.030120
v -0.069120 0.741190 -0.017419
v -0.000000 -0.753856 -0.017419
v 0.000000 0.744385 -0.017419
vt 0.466662 0.493742
vt 0.468375 0.487696
vt 0.437019 0.475497
vt 0.433608 0.487536
vt 0.471164 0.482069
vt 0.442575 0.464292
vt 0.474936 0.477053
vt 0.450086 0.454303
vt 0.479561 0.472819
vt 0.459297 0.445870
vt 0.484882 0.469510
vt 0.469894 0.439280
vt 0.490718 0.467239
vt 0.481516 0.434758
vt 0.496871 0.466085
vt 0.493768 0.432458
vt 0.503129 0.466085
vt 0.506232 0.432458
vt 0.509281 0.467239
vt 0.518484 0.434758
vt 0.515117 0.469510
vt 0.530106 0.439280
vt 0.520439 0.472819
vt 0.540703 0.445870
vt 0.525064 0.477053
vt 0.549914 0.454303
vt 0.528836 0.482069
vt 0.557425 0.464292
vt 0.531625 0.487696
vt 0.562981 0.475497
vt 0.533338 0.493742
vt 0.566392 0.487536
vt 0.533916 0.500000
vt 0.567542 0.500000
vt 0.533338 0.506259
vt 0.566392 0.512464
vt 0.531625 0.512304
vt 0.562981 0.524504
vt 0.528836 0.517931
vt 0.557425 0.535709
vt 0.525064 0.522947
vt 0.549914 0.545698
vt 0.520439 0.527181
vt 0.540703 0.554131
vt 0.515117 0.530490
vt 0.530106 0.560720
vt 0.509281 0.532761
vt 0.518484 0.565242
vt 0.503129 0.533916
vt 0.506232 0.567542
vt 0.496871 0.533916
vt 0.493768 0.567542
vt 0.490718 0.532761
vt 0.481516 0.565242
vt 0.484882 0.530490
vt 0.469894 0.560720
vt 0.479561 0.527181
vt 0.459297 0.554131
vt 0.474936 0.522947
vt 0.450086 0.545698
vt 0.471164 0.517931
vt 0.442575 0.535709
vt 0.468375 0.512304
vt 0.437019 0.524504
vt 0.466662 0.506259
vt 0.433608 0.512464
vt 0.466084 0.500000
vt 0.432458 0.500000
vt 0.406201 0.463506
vt 0.401121 0.481437
vt 0.414475 0.446818
vt 0.425662 0.431942
vt 0.439380 0.419382
vt 0.455162 0.409568
vt 0.472472 0.402834
vt 0.490718 0.399408
vt 0.509281 0.399408
vt 0.527528 0.402834
vt 0.544838 0.409568
vt 0.560620 0.419382
vt 0.574338 0.431942
vt 0.585525 0.446819
vt 0.593799 0.463507
vt 0.598879 0.481437
vt 0.600592 0.500000
vt 0.598879 0.518563
vt 0.593799 0.536494
vt 0.585525 0.553182
vt 0.574338 0.568059
vt 0.560620 0.580618
vt 0.544838 0.590432
vt 0.527528 0.597167
vt 0.509281 0.600592
vt 0.490718 0.600592
vt 0.472472 0.597167
vt 0.455162 0.590432
vt 0.439380 0.580618
vt 0.425662 0.568059
vt 0.414475 0.553182
vt 0.406201 0.536494
vt 0.401121 0.518563
vt 0.399408 0.500000
vt 0.376183 0.451828
vt 0.369477 0.475497
vt 0.387105 0.429799
vt 0.401872 0.410161
vt 0.419980 0.393582
vt 0.440813 0.380628
vt 0.463662 0.371738
vt 0.487748 0.367216
vt 0.512252 0.367216
vt 0.536338 0.371738
vt 0.559187 0.380628
vt 0.580020 0.393582
vt 0.598128 0.410161
vt 0.612895 0.429799
vt 0.623817 0.451828
vt 0.630523 0.475497
vt 0.632784 0.500000
vt 0.630523 0.524504
vt 0.623817 0.548173
vt 0.612895 0.570201
vt 0.598128 0.589839
vt 0.580020 0.606418
vt 0.559187 0.619372
vt 0.536338 0.628262
vt 0.512252 0.632784
vt 0.487748 0.632784
vt 0.463662 0.628262
vt 0.440813 0.619372
vt 0.419980 0.606418
vt 0.401872 0.589839
vt 0.387105 0.570201
vt 0.376183 0.548173
vt 0.369477 0.524504
vt 0.367216 0.500000
vt 0.347221 0.440560
vt 0.338947 0.469765
vt 0.360698 0.413378
vt 0.378919 0.389147
vt 0.401263 0.368691
vt 0.426969 0.352706
vt 0.455162 0.341737
vt 0.484882 0.336157
vt 0.515117 0.336157
vt 0.544838 0.341737
vt 0.573031 0.352706
vt 0.598737 0.368691
vt 0.621081 0.389147
vt 0.639302 0.413379
vt 0.652779 0.440560
vt 0.661053 0.469765
vt 0.663843 0.500000
vt 0.661053 0.530235
vt 0.652779 0.559440
vt 0.639302 0.586622
vt 0.621081 0.610853
vt 0.598737 0.631310
vt 0.573031 0.647294
vt 0.544838 0.658263
vt 0.515117 0.663843
vt 0.484882 0.663843
vt 0.455162 0.658263
vt 0.426969 0.647294
vt 0.401263 0.631310
vt 0.378919 0.610853
vt 0.360698 0.586622
vt 0.347221 0.559440
vt 0.338947 0.530235
vt 0.336157 0.500000
vt 0.319563 0.429799
vt 0.309791 0.464292
vt 0.335480 0.397697
vt 0.356999 0.369079
vt 0.383388 0.344919
vt 0.413748 0.326041
vt 0.447045 0.313086
vt 0.482146 0.306496
vt 0.517854 0.306496
vt 0.552955 0.313086
vt 0.586252 0.326041
vt 0.616612 0.344919
vt 0.643001 0.369079
vt 0.664520 0.397697
vt 0.680437 0.429799
vt 0.690209 0.464292
vt 0.693504 0.500000
vt 0.690209 0.535709
vt 0.680437 0.570201
vt 0.664520 0.602303
vt 0.643001 0.630921
vt 0.616612 0.655081
vt 0.586252 0.673960
vt 0.552955 0.686914
vt 0.517854 0.693504
vt 0.482146 0.693504
vt 0.447045 0.686914
vt 0.413748 0.673960
vt 0.383388 0.655081
vt 0.356999 0.630921
vt 0.335480 0.602303
vt 0.319563 0.570201
vt 0.309791 0.535709
vt 0.306496 0.500000
vt 0.293444 0.419637
vt 0.282258 0.459123
vt 0.311665 0.382888
vt 0.336299 0.350128
vt 0.366508 0.322471
vt 0.401263 0.300859
vt 0.439380 0.286030
vt 0.479561 0.278486
vt 0.520439 0.278486
vt 0.560620 0.286030
vt 0.598737 0.300859
vt 0.633492 0.322471
vt 0.663701 0.350128
vt 0.688335 0.382888
vt 0.706556 0.419637
vt 0.717742 0.459123
vt 0.721514 0.500000
vt 0.717742 0.540878
vt 0.706556 0.580363
vt 0.688335 0.617112
vt 0.663701 0.649873
vt 0.633492 0.677530
vt 0.598737 0.699141
vt 0.560620 0.713971
vt 0.520439 0.721514
vt 0.479561 0.721514
vt 0.439380 0.713971
vt 0.401263 0.699141
vt 0.366508 0.677529
vt 0.336299 0.649873
vt 0.311665 0.617112
vt 0.293444 0.580363
vt 0.282258 0.540878
vt 0.278486 0.500000
vt 0.269088 0.410161
vt 0.256582 0.454303
vt 0.289457 0.369079
vt 0.316996 0.332455
vt 0.350767 0.301537
vt 0.389620 0.277377
vt 0.432232 0.260799
vt 0.477151 0.252366
vt 0.522849 0.252366
vt 0.567768 0.260799
vt 0.610380 0.277377
vt 0.649233 0.301537
vt 0.683004 0.332455
vt 0.710543 0.369079
vt 0.730912 0.410161
vt 0.743418 0.454303
vt 0.747634 0.500000
vt 0.743418 0.545698
vt 0.730912 0.589839
vt 0.710543 0.630921
vt 0.683004 0.667545
vt 0.649233 0.698463
vt 0.610380 0.722623
vt 0.567768 0.739202
vt 0.522849 0.747634
vt 0.477151 0.747634
vt 0.432232 0.739202
vt 0.389620 0.722623
vt 0.350767 0.698463
vt 0.316996 0.667545
vt 0.289457 0.630921
vt 0.269088 0.589839
vt 0.256582 0.545698
vt 0.252366 0.500000
vt 0.246701 0.401451
vt 0.232983 0.449872
vt 0.269045 0.356386
vt 0.299254 0.316212
vt 0.336299 0.282297
vt 0.378919 0.255795
vt 0.425662 0.237609
vt 0.474936 0.228358
vt 0.525064 0.228358
vt 0.574338 0.237609
vt 0.621081 0.255795
vt 0.663701 0.282297
vt 0.700746 0.316212
vt 0.730955 0.356387
vt 0.753299 0.401451
vt 0.767017 0.449872
vt 0.771642 0.500000
vt 0.767017 0.550128
vt 0.753299 0.598549
vt 0.730955 0.643614
vt 0.700746 0.683788
vt 0.663701 0.717704
vt 0.621081 0.744206
vt 0.574338 0.762392
vt 0.525064 0.771642
vt 0.474936 0.771642
vt 0.425662 0.762392
vt 0.378919 0.744206
vt 0.336299 0.717704
vt 0.299254 0.683788
vt 0.269045 0.643614
vt 0.246701 0.598549
vt 0.232983 0.550128
vt 0.228358 0.500000
vt 0.226476 0.393582
vt 0.211663 0.445870
vt 0.250604 0.344919
vt 0.283225 0.301537
vt 0.323228 0.264913
vt 0.369251 0.236295
vt 0.419726 0.216657
vt 0.472935 0.206668
vt 0.527065 0.206668
vt 0.580274 0.216657
vt 0.630749 0.236295
vt 0.676772 0.264913
vt 0.716775 0.301537
vt 0.749396 0.344919
vt 0.773524 0.393583
vt 0.788337 0.445870
vt 0.793332 0.500000
vt 0.788337 0.554131
vt 0.773524 0.606418
vt 0.749396 0.655081
vt 0.716775 0.698463
vt 0.676772 0.735087
vt 0.630749 0.763705
vt 0.580274 0.783343
vt 0.527065 0.793332
vt 0.472935 0.793332
vt 0.419726 0.783343
vt 0.369251 0.763705
vt 0.323228 0.735087
vt 0.283225 0.698463
vt 0.250604 0.655081
vt 0.226476 0.606418
vt 0.211663 0.554131
vt 0.206668 0.500000
vt 0.208584 0.386621
vt 0.192802 0.442329
vt 0.234291 0.334775
vt 0.269045 0.288555
vt 0.311665 0.249536
vt 0.360698 0.219046
vt 0.414475 0.198123
vt 0.471164 0.187481
vt 0.528836 0.187481
vt 0.585525 0.198123
vt 0.639302 0.219046
vt 0.688335 0.249536
vt 0.730955 0.288555
vt 0.765709 0.334775
vt 0.791416 0.386621
vt 0.807198 0.442329
vt 0.812519 0.500000
vt 0.807198 0.557672
vt 0.791416 0.613379
vt 0.765709 0.665225
vt 0.730955 0.711445
vt 0.688335 0.750464
vt 0.639302 0.780955
vt 0.585525 0.801877
vt 0.528836 0.812520
vt 0.471164 0.812520
vt 0.414475 0.801877
vt 0.360698 0.780954
vt 0.311665 0.750464
vt 0.269045 0.711445
vt 0.234291 0.665225
vt 0.208584 0.613379
vt 0.192802 0.557671
vt 0.187481 0.500000
vt 0.193179 0.380628
vt 0.176562 0.439280
vt 0.220244 0.326041
vt 0.256836 0.277377
vt 0.301709 0.236295
vt 0.353334 0.204193
vt 0.409954 0.182165
vt 0.469640 0.170960
vt 0.530360 0.170960
vt 0.590046 0.182165
vt 0.646666 0.204193
vt 0.698291 0.236295
vt 0.743164 0.277377
vt 0.779756 0.326041
vt 0.806821 0.380628
vt 0.823438 0.439280
vt 0.829040 0.500000
vt 0.823438 0.560720
vt 0.806821 0.619372
vt 0.779756 0.673960
vt 0.743164 0.722623
vt 0.698291 0.763705
vt 0.646666 0.795807
vt 0.590046 0.817836
vt 0.530360 0.829041
vt 0.469640 0.829041
vt 0.409954 0.817835
vt 0.353334 0.795807
vt 0.301709 0.763705
vt 0.256836 0.722623
vt 0.220244 0.673960
vt 0.193179 0.619372
vt 0.176562 0.560720
vt 0.170959 0.500000
vt 0.180391 0.375652
vt 0.163082 0.436749
vt 0.208584 0.318790
vt 0.246701 0.268099
vt 0.293444 0.225304
vt 0.347221 0.191865
vt 0.406201 0.168918
vt 0.468375 0.157246
vt 0.531625 0.157246
vt 0.593799 0.168918
vt 0.652779 0.191865
vt 0.706556 0.225304
vt 0.753299 0.268099
vt 0.791416 0.318790
vt 0.819609 0.375653
vt 0.836918 0.436749
vt 0.842754 0.500000
vt 0.836918 0.563251
vt 0.819609 0.624348
vt 0.791416 0.681210
vt 0.753299 0.731902
vt 0.706556 0.774696
vt 0.652779 0.808136
vt 0.593799 0.831082
vt 0.531625 0.842755
vt 0.468375 0.842754
vt 0.406201 0.831082
vt 0.347221 0.808136
vt 0.293444 0.774696
vt 0.246701 0.731902
vt 0.208584 0.681210
vt 0.180391 0.624348
vt 0.163082 0.563251
vt 0.157246 0.500000
vt 0.170330 0.371738
vt 0.152476 0.434758
vt 0.199411 0.313086
vt 0.238728 0.260799
vt 0.286942 0.216657
vt 0.342412 0.182165
vt 0.403248 0.158496
vt 0.467379 0.146456
vt 0.532621 0.146456
vt 0.596752 0.158496
vt 0.657588 0.182165
vt 0.713058 0.216657
vt 0.761272 0.260799
vt 0.800589 0.313086
vt 0.829670 0.371738
vt 0.847524 0.434758
vt 0.853544 0.500000
vt 0.847524 0.565242
vt 0.829670 0.628262
vt 0.800589 0.686914
vt 0.761272 0.739202
vt 0.713058 0.783343
vt 0.657588 0.817836
vt 0.596752 0.841505
vt 0.532621 0.853544
vt 0.467379 0.853544
vt 0.403248 0.841505
vt 0.342412 0.817835
vt 0.286942 0.783343
vt 0.238728 0.739202
vt 0.199411 0.686914
vt 0.170330 0.628262
vt 0.152476 0.565242
vt 0.146456 0.500000
vt 0.163082 0.368918
vt 0.144835 0.433324
vt 0.192802 0.308976
vt 0.232983 0.255539
vt 0.282258 0.210427
vt 0.338947 0.175177
vt 0.401121 0.150987
vt 0.466662 0.138683
vt 0.533338 0.138683
vt 0.598879 0.150987
vt 0.661053 0.175177
vt 0.717742 0.210427
vt 0.767017 0.255539
vt 0.807198 0.308976
vt 0.836918 0.368918
vt 0.855165 0.433324
vt 0.861317 0.500000
vt 0.855165 0.566676
vt 0.836918 0.631082
vt 0.807198 0.691024
vt 0.767017 0.744461
vt 0.717742 0.789573
vt 0.661053 0.824824
vt 0.598879 0.849013
vt 0.533338 0.861317
vt 0.466662 0.861317
vt 0.401121 0.849013
vt 0.338947 0.824824
vt 0.282258 0.789573
vt 0.232983 0.744461
vt 0.192802 0.691024
vt 0.163082 0.631082
vt 0.144835 0.566676
vt 0.138683 0.500000
vt 0.158708 0.367216
vt 0.140224 0.432458
vt 0.188814 0.306496
vt 0.229517 0.252366
vt 0.279431 0.206668
vt 0.336856 0.170960
vt 0.399837 0.146456
vt 0.466229 0.133992
vt 0.533771 0.133992
vt 0.600163 0.146456
vt 0.663144 0.170960
vt 0.720569 0.206668
vt 0.770483 0.252366
vt 0.811186 0.306496
vt 0.841292 0.367216
vt 0.859776 0.432458
vt 0.866008 0.500000
vt 0.859776 0.567542
vt 0.841292 0.632784
vt 0.811186 0.693504
vt 0.770483 0.747635
vt 0.720569 0.793332
vt 0.663144 0.829041
vt 0.600163 0.853544
vt 0.533771 0.866008
vt 0.466229 0.866008
vt 0.399837 0.853544
vt 0.336856 0.829041
vt 0.279431 0.793332
vt 0.229517 0.747634
vt 0.188814 0.693504
vt 0.158708 0.632784
vt 0.140224 0.567542
vt 0.133992 0.500000
vt 0.157246 0.366647
vt 0.138683 0.432169
vt 0.187481 0.305667
vt 0.228358 0.251305
vt 0.278486 0.205411
vt 0.336157 0.169550
vt 0.399408 0.144942
vt 0.466084 0.132424
vt 0.533916 0.132424
vt 0.600592 0.144942
vt 0.663843 0.169550
vt 0.721514 0.205412
vt 0.771642 0.251305
vt 0.812519 0.305667
vt 0.842754 0.366648
vt 0.861317 0.432169
vt 0.867576 0.500000
vt 0.861317 0.567831
vt 0.842754 0.633353
vt 0.812519 0.694333
vt 0.771642 0.748695
vt 0.721514 0.794589
vt 0.663843 0.830450
vt 0.600592 0.855059
vt 0.533916 0.867576
vt 0.466084 0.867576
vt 0.399408 0.855059
vt 0.336157 0.830450
vt 0.278486 0.794589
vt 0.228358 0.748695
vt 0.187481 0.694333
vt 0.157246 0.633353
vt 0.138683 0.567831
vt 0.132424 0.500000
vt 0.158708 0.367216
vt 0.140224 0.432458
vt 0.188814 0.306496
vt 0.229517 0.252366
vt 0.279431 0.206668
vt 0.336856 0.170960
vt 0.399837 0.146456
vt 0.466229 0.133992
vt 0.533771 0.133992
vt 0.600163 0.146456
vt 0.663144 0.170960
vt 0.720569 0.206668
vt 0.770483 0.252366
vt 0.811186 0.306496
vt 0.841292 0.367216
vt 0.859776 0.432458
vt 0.866008 0.500000
vt 0.859776 0.567542
vt 0.841292 0.632784
vt 0.811186 0.693504
vt 0.770483 0.747635
vt 0.720569 0.793332
vt 0.663144 0.829041
vt 0.600163 0.853544
vt 0.533771 0.866008
vt 0.466229 0.866008
vt 0.399837 0.853544
vt 0.336856 0.829041
vt 0.279431 0.793332
vt 0.229517 0.747634
vt 0.188814 0.693504
vt 0.158708 0.632784
vt 0.140224 0.567542
vt 0.133992 0.500000
vt 0.163082 0.368918
vt 0.144835 0.433324
vt 0.192802 0.308976
vt 0.232983 0.255539
vt 0.282258 0.210427
vt 0.338947 0.175177
vt 0.401121 0.150987
vt 0.466662 0.138683
vt 0.533338 0.138683
vt 0.598879 0.150987
vt 0.661053 0.175177
vt 0.717742 0.210427
vt 0.767017 0.255539
vt 0.807198 0.308976
vt 0.836918 0.368918
vt 0.855165 0.433324
vt 0.861317 0.500000
vt 0.855165 0.566676
vt 0.836918 0.631082
vt 0.807198 0.691024
vt 0.767017 0.744461
vt 0.717742 0.789573
vt 0.661053 0.824824
vt 0.598879 0.849013
vt 0.533338 0.861317
vt 0.466662 0.861317
vt 0.401121 0.849013
vt 0.338947 0.824824
vt 0.282258 0.789573
vt 0.232983 0.744461
vt 0.192802 0.691024
vt 0.163082 0.631082
vt 0.144835 0.566676
vt 0.138683 0.500000
vt 0.170330 0.371738
vt 0.152476 0.434758
vt 0.199411 0.313086
vt 0.238728 0.260799
vt 0.286942 0.216657
vt 0.342412 0.182165
vt 0.403248 0.158496
vt 0.467379 0.146456
vt 0.532621 0.146456
vt 0.596752 0.158496
vt 0.657588 0.182165
vt 0.713058 0.216657
vt 0.761272 0.260799
vt 0.800589 0.313086
vt 0.829670 0.371738
vt 0.847524 0.434758
vt 0.853544 0.500000
vt 0.847524 0.565242
vt 0.829670 0.628262
vt 0.800589 0.686914
vt 0.761272 0.739202
vt 0.713058 0.783343
vt 0.657588 0.817836
vt 0.596752 0.841505
vt 0.532621 0.853544
vt 0.467379 0.853544
vt 0.403248 0.841505
vt 0.342412 0.817835
vt 0.286942 0.783343
vt 0.238728 0.739202
vt 0.199411 0.686914
vt 0.170330 0.628262
vt 0.152476 0.565242
vt 0.146456 0.500000
vt 0.180391 0.375652
vt 0.163082 0.436749
vt 0.208584 0.318790
vt 0.246701 0.268099
vt 0.293444 0.225304
vt 0.347221 0.191865
vt 0.406201 0.168918
vt 0.468375 0.157246
vt 0.531625 0.157246
vt 0.593799 0.168918
vt 0.652779 0.191865
vt 0.706556 0.225304
vt 0.753299 0.268099
vt 0.791416 0.318790
vt 0.819609 0.375653
vt 0.836918 0.436749
vt 0.842754 0.500000
vt 0.836918 0.563251
vt 0.819609 0.624348
vt 0.791416 0.681210
vt 0.753299 0.731902
vt 0.706556 0.774696
vt 0.652779 0.808136
vt 0.593799 0.831082
vt 0.531625 0.842755
vt 0.468375 0.842754
vt 0.406201 0.831082
vt 0.347221 0.808136
vt 0.293444 0.774696
vt 0.246701 0.731902
vt 0.208584 0.681210
vt 0.180391 0.624348
vt 0.163082 0.563251
vt 0.157246 0.500000
vt 0.193179 0.380628
vt 0.176562 0.439280
vt 0.220244 0.326041
vt 0.256836 0.277377
vt 0.301709 0.236295
vt 0.353334 0.204193
vt 0.409954 0.182165
vt 0.469640 0.170960
vt 0.530360 0.170960
vt 0.590046 0.182165
vt 0.646666 0.204193
vt 0.698291 0.236295
vt 0.743164 0.277377
vt 0.779756 0.326041
vt 0.806821 0.380628
vt 0.823438 0.439280
vt 0.829040 0.500000
vt 0.823438 0.560720
vt 0.806821 0.619372
vt 0.779756 0.673960
vt 0.743164 0.722623
vt 0.698291 0.763705
vt 0.646666 0.795807
vt 0.590046 0.817836
vt 0.530360 0.829041
vt 0.469640 0.829041
vt 0.409954 0.817835
vt 0.353334 0.795807
vt 0.301709 0.763705
vt 0.256836 0.722623
vt 0.220244 0.673960
vt 0.193179 0.619372
vt 0.176562 0.560720
vt 0.170959 0.500000
vt 0.208584 0.386621
vt 0.192802 0.442329
vt 0.234291 0.334775
vt 0.269045 0.288555
vt 0.311665 0.249536
vt 0.360698 0.219046
vt 0.414475 0.198123
vt 0.471164 0.187481
vt 0.528836 0.187481
vt 0.585525 0.198123
vt 0.639302 0.219046
vt 0.688335 0.249536
vt 0.730955 0.288555
vt 0.765709 0.334775
vt 0.791416 0.386621
vt 0.807198 0.442329
vt 0.812519 0.500000
vt 0.807198 0.557672
vt 0.791416 0.613379
vt 0.765709 0.665225
vt 0.730955 0.711445
vt 0.688335 0.750464
vt 0.639302 0.780955
vt 0.585525 0.801877
vt 0.528836 0.812520
vt 0.471164 0.812520
vt 0.414475 0.801877
vt 0.360698 0.780954
vt 0.311665 0.750464
vt 0.269045 0.711445
vt 0.234291 0.665225
vt 0.208584 0.613379
vt 0.192802 0.557671
vt 0.187481 0.500000
vt 0.226476 0.393582
vt 0.211663 0.445870
vt 0.250604 0.344919
vt 0.283225 0.301537
vt 0.323228 0.264913
vt 0.369251 0.236295
vt 0.419726 0.216657
vt 0.472935 0.206668
vt 0.527065 0.206668
vt 0.580274 0.216657
vt 0.630749 0.236295
vt 0.676772 0.264913
vt 0.716775 0.301537
vt 0.749396 0.344919
vt 0.773524 0.393583
vt 0.788337 0.445870
vt 0.793332 0.500000
vt 0.788337 0.554131
vt 0.773524 0.606418
vt 0.749396 0.655081
vt 0.716775 0.698463
vt 0.676772 0.735087
vt 0.630749 0.763705
vt 0.580274 0.783343
vt 0.527065 0.793332
vt 0.472935 0.793332
vt 0.419726 0.783343
vt 0.369251 0.763705
vt 0.323228 0.735087
vt 0.283225 0.698463
vt 0.250604 0.655081
vt 0.226476 0.606418
vt 0.211663 0.554131
vt 0.206668 0.500000
vt 0.246701 0.401451
vt 0.232983 0.449872
vt 0.269045 0.356386
vt 0.299254 0.316212
vt 0.336299 0.282297
vt 0.378919 0.255795
vt 0.425662 0.237609
vt 0.474936 0.228358
vt 0.525064 0.228358
vt 0.574338 0.237609
vt 0.621081 0.255795
vt 0.663701 0.282297
vt 0.700746 0.316212
vt 0.730955 0.356387
vt 0.753299 0.401451
vt 0.767017 0.449872
vt 0.771642 0.500000
vt 0.767017 0.550128
vt 0.753299 0.598549
vt 0.730955 0.643614
vt 0.700746 0.683788
vt 0.663701 0.717704
vt 0.621081 0.744206
vt 0.574338 0.762392
vt 0.525064 0.771642
vt 0.474936 0.771642
vt 0.425662 0.762392
vt 0.378919 0.744206
vt 0.336299 0.717704
vt 0.299254 0.683788
vt 0.269045 0.643614
vt 0.246701 0.598549
vt 0.232983 0.550128
vt 0.228358 0.500000
vt 0.269088 0.410161
vt 0.256582 0.454303
vt 0.289457 0.369079
vt 0.316996 0.332455
vt 0.350767 0.301537
vt 0.389620 0.277377
vt 0.432232 0.260799
vt 0.477151 0.252366
vt 0.522849 0.252366
vt 0.567768 0.260799
vt 0.610380 0.277377
vt 0.649233 0.301537
vt 0.683004 0.332455
vt 0.710543 0.369079
vt 0.730912 0.410161
vt 0.743418 0.454303
vt 0.747634 0.500000
vt 0.743418 0.545698
vt 0.730912 0.589839
vt 0.710543 0.630921
vt 0.683004 0.667545
vt 0.649233 0.698463
vt 0.610380 0.722623
vt 0.567768 0.739202
vt 0.522849 0.747634
vt 0.477151 0.747634
vt 0.432232 0.739202
vt 0.389620 0.722623
vt 0.350767 0.698463
vt 0.316996 0.667545
vt 0.289457 0.630921
vt 0.269088 0.589839
vt 0.256582 0.545698
vt 0.252366 0.500000
vt 0.293444 0.419637
vt 0.282258 0.459123
vt 0.311665 0.382888
vt 0.336299 0.350128
vt 0.366508 0.322471
vt 0.401263 0.300859
vt 0.439380 0.286030
vt 0.479561 0.278486
vt 0.520439 0.278486
vt 0.560620 0.286030
vt 0.598737 0.300859
vt 0.633492 0.322471
vt 0.663701 0.350128
vt 0.688335 0.382888
vt 0.706556 0.419637
vt 0.717742 0.459123
vt 0.721514 0.500000
vt 0.717742 0.540878
vt 0.706556 0.580363
vt 0.688335 0.617112
vt 0.663701 0.649873
vt 0.633492 0.677530
vt 0.598737 0.699141
vt 0.560620 0.713971
vt 0.520439 0.721514
vt 0.479561 0.721514
vt 0.439380 0.713971
vt 0.401263 0.699141
vt 0.366508 0.677529
vt 0.336299 0.649873
vt 0.311665 0.617112
vt 0.293444 0.580363
vt 0.282258 0.540878
vt 0.278486 0.500000
vt 0.319563 0.429799
vt 0.309791 0.464292
vt 0.335480 0.397697
vt 0.356999 0.369079
vt 0.383388 0.344919
vt 0.413748 0.326041
vt 0.447045 0.313086
vt 0.482146 0.306496
vt 0.517854 0.306496
vt 0.552955 0.313086
vt 0.586252 0.326041
vt 0.616612 0.344919
vt 0.643001 0.369079
vt 0.664520 0.397697
vt 0.680437 0.429799
vt 0.690209 0.464292
vt 0.693504 0.500000
vt 0.690209 0.535709
vt 0.680437 0.570201
vt 0.664520 0.602303
vt 0.643001 0.630921
vt 0.616612 0.655081
vt 0.586252 0.673960
vt 0.552955 0.686914
vt 0.517854 0.693504
vt 0.482146 0.693504
vt 0.447045 0.686914
vt 0.413748 0.673960
vt 0.383388 0.655081
vt 0.356999 0.630921
vt 0.335480 0.602303
vt 0.319563 0.570201
vt 0.309791 0.535709
vt 0.306496 0.500000
vt 0.347221 0.440560
vt 0.338947 0.469765
vt 0.360698 0.413378
vt 0.378919 0.389147
vt 0.401263 0.368691
vt 0.426969 0.352706
vt 0.455162 0.341737
vt 0.484882 0.336157
vt 0.515117 0.336157
vt 0.544838 0.341737
vt 0.573031 0.352706
vt 0.598737 0.368691
vt 0.621081 0.389147
vt 0.639302 0.413379
vt 0.652779 0.440560
vt 0.661053 0.469765
vt 0.663843 0.500000
vt 0.661053 0.530235
vt 0.652779 0.559440
vt 0.639302 0.586622
vt 0.621081 0.610853
vt 0.598737 0.631310
vt 0.573031 0.647294
vt 0.544838 0.658263
vt 0.515117 0.663843
vt 0.484882 0.663843
vt 0.455162 0.658263
vt 0.426969 0.647294
vt 0.401263 0.631310
vt 0.378919 0.610853
vt 0.360698 0.586622
vt 0.347221 0.559440
vt 0.338947 0.530235
vt 0.336157 0.500000
vt 0.376183 0.451828
vt 0.369477 0.475497
vt 0.387105 0.429799
vt 0.401872 0.410161
vt 0.419980 0.393582
vt 0.440813 0.380628
vt 0.463662 0.371738
vt 0.487748 0.367216
vt 0.512252 0.367216
vt 0.536338 0.371738
vt 0.559187 0.380628
vt 0.580020 0.393582
vt 0.598128 0.410161
vt 0.612895 0.429799
vt 0.623817 0.451828
vt 0.630523 0.475497
vt 0.632784 0.500000
vt 0.630523 0.524504
vt 0.623817 0.548173
vt 0.612895 0.570201
vt 0.598128 0.589839
vt 0.580020 0.606418
vt 0.559187 0.619372
vt 0.536338 0.628262
vt 0.512252 0.632784
vt 0.487748 0.632784
vt 0.463662 0.628262
vt 0.440813 0.619372
vt 0.419980 0.606418
vt 0.401872 0.589839
vt 0.387105 0.570201
vt 0.376183 0.548173
vt 0.369477 0.524504
vt 0.367216 0.500000
vt 0.406201 0.463506
vt 0.401121 0.481437
vt 0.414475 0.446818
vt 0.425662 0.431942
vt 0.439380 0.419382
vt 0.455162 0.409568
vt 0.472472 0.402834
vt 0.490718 0.399408
vt 0.509281 0.399408
vt 0.527528 0.402834
vt 0.544838 0.409568
vt 0.560620 0.419382
vt 0.574338 0.431942
vt 0.585525 0.446819
vt 0.593799 0.463507
vt 0.598879 0.481437
vt 0.600592 0.500000
vt 0.598879 0.518563
vt 0.593799 0.536494
vt 0.585525 0.553182
vt 0.574338 0.568059
vt 0.560620 0.580618
vt 0.544838 0.590432
vt 0.527528 0.597167
vt 0.509281 0.600592
vt 0.490718 0.600592
vt 0.472472 0.597167
vt 0.455162 0.590432
vt 0.439380 0.580618
vt 0.425662 0.568059
vt 0.414475 0.553182
vt 0.406201 0.536494
vt 0.401121 0.518563
vt 0.399408 0.500000
vt 0.437019 0.475497
vt 0.433608 0.487536
vt 0.442575 0.464292
vt 0.450086 0.454303
vt 0.459297 0.445870
vt 0.469894 0.439280
vt 0.481516 0.434758
vt 0.493768 0.432458
vt 0.506232 0.432458
vt 0.518484 0.434758
vt 0.530106 0.439280
vt 0.540703 0.445870
vt 0.549914 0.454303
vt 0.557425 0.464292
vt 0.562981 0.475497
vt 0.566392 0.487536
vt 0.567542 0.500000
vt 0.566392 0.512464
vt 0.562981 0.524504
vt 0.557425 0.535709
vt 0.549914 0.545698
vt 0.540703 0.554131
vt 0.530106 0.560720
vt 0.518484 0.565242
vt 0.506232 0.567542
vt 0.493768 0.567542
vt 0.481516 0.565242
vt 0.469894 0.560720
vt 0.459297 0.554131
vt 0.450086 0.545698
vt 0.442575 0.535709
vt 0.437019 0.524504
vt 0.433608 0.512464
vt 0.432458 0.500000
vt 0.468375 0.487696
vt 0.466662 0.493742
vt 0.471164 0.482069
vt 0.474936 0.477053
vt 0.479561 0.472819
vt 0.484882 0.469510
vt 0.490718 0.467239
vt 0.496871 0.466085
vt 0.503129 0.466085
vt 0.509281 0.467239
vt 0.515117 0.469510
vt 0.520439 0.472819
vt 0.525064 0.477053
vt 0.528836 0.482069
vt 0.531625 0.487696
vt 0.533338 0.493742
vt 0.533916 0.500000
vt 0.533338 0.506259
vt 0.531625 0.512304
vt 0.528836 0.517931
vt 0.525064 0.522947
vt 0.520439 0.527181
vt 0.515117 0.530490
vt 0.509281 0.532761
vt 0.503129 0.533916
vt 0.496871 0.533916
vt 0.490718 0.532761
vt 0.484882 0.530490
vt 0.479561 0.527181
vt 0.474936 0.522947
vt 0.471164 0.517931
vt 0.468375 0.512304
vt 0.466662 0.506259
vt 0.466084 0.500000
vt 0.500000 0.500000
vt 0.500000 0.500000
s 1
g pasted__pSphere1 group1
usemtl pasted__blinn12SG1
f 1/1 2/2 36/3 35/4
f 2/2 3/5 37/6 36/3
f 3/5 4/7 38/8 37/6
f 4/7 5/9 39/10 38/8
f 5/9 6/11 40/12 39/10
f 6/11 7/13 41/14 40/12
f 7/13 8/15 42/16 41/14
f 8/15 9/17 43/18 42/16
f 9/17 10/19 44/20 43/18
f 10/19 11/21 45/22 44/20
f 11/21 12/23 46/24 45/22
f 12/23 13/25 47/26 46/24
f 13/25 14/27 48/28 47/26
f 14/27 15/29 49/30 48/28
f 15/29 16/31 50/32 49/30
f 16/31 17/33 51/34 50/32
f 17/33 18/35 52/36 51/34
f 18/35 19/37 53/38 52/36
f 19/37 20/39 54/40 53/38
f 20/39 21/41 55/42 54/40
f 21/41 22/43 56/44 55/42
f 22/43 23/45 57/46 56/44
f 23/45 24/47 58/48 57/46
f 24/47 25/49 59/50 58/48
f 25/49 26/51 60/52 59/50
f 26/51 27/53 61/54 60/52
f 27/53 28/55 62/56 61/54
f 28/55 29/57 63/58 62/56
f 29/57 30/59 64/60 63/58
f 30/59 31/61 65/62 64/60
f 31/61 32/63 66/64 65/62
f 32/63 33/65 67/66 66/64
f 33/65 34/67 68/68 67/66
f 34/67 1/1 35/4 68/68
f 35/4 36/3 70/69 69/70
f 36/3 37/6 71/71 70/69
f 37/6 38/8 72/72 71/71
f 38/8 39/10 73/73 72/72
f 39/10 40/12 74/74 73/73
f 40/12 41/14 75/75 74/74
f 41/14 42/16 76/76 75/75
f 42/16 43/18 77/77 76/76
f 43/18 44/20 78/78 77/77
f 44/20 45/22 79/79 78/78
f 45/22 46/24 80/80 79/79
f 46/24 47/26 81/81 80/80
f 47/26 48/28 82/82 81/81
f 48/28 49/30 83/83 82/82
f 49/30 50/32 84/84 83/83
f 50/32 51/34 85/85 84/84
f 51/34 52/36 86/86 85/85
f 52/36 53/38 87/87 86/86
f 53/38 54/40 88/88 87/87
f 54/40 55/42 89/89 88/88
f 55/42 56/44 90/90 89/89
f 56/44 57/46 91/91 90/90
f 57/46 58/48 92/92 91/91
f 58/48 59/50 93/93 92/92
f 59/50 60/52 94/94 93/93
f 60/52 61/54 95/95 94/94
f 61/54 62/56 96/96 95/95
f 62/56 63/58 97/97 96/96
f 63/58 64/60 98/98 97/97
f 64/60 65/62 99/99 98/98
f 65/62 66/64 100/100 99/99
f 66/64 67/66 101/101 100/100
f 67/66 68/68 102/102 101/101
f 68/68 35/4 69/70 102/102
f 69/70 70/69 104/103 103/104
f 70/69 71/71 105/105 104/103
f 71/71 72/72 106/106 105/105
f 72/72 73/73 107/107 106/106
f 73/73 74/74 108/108 107/107
f 74/74 75/75 109/109 108/108
f 75/75 76/76 110/110 109/109
f 76/76 77/77 111/111 110/110
f 77/77 78/78 112/112 111/111
f 78/78 79/79 113/113 112/112
f 79/79 80/80 114/114 113/113
f 80/80 81/81 115/115 114/114
f 81/81 82/82 116/116 115/115
f 82/82 83/83 117/117 116/116
f 83/83 84/84 118/118 117/117
f 84/84 85/85 119/119 118/118
f 85/85 86/86 120/120 119/119
f 86/86 87/87 121/121 120/120
f 87/87 88/88 122/122 121/121
f 88/88 89/89 123/123 122/122
f 89/89 90/90 124/124 123/123
f 90/90 91/91 125/125 124/124
f 91/91 92/92 126/126 125/125
f 92/92 93/93 127/127 126/126
f 93/93 94/94 128/128 127/127
f 94/94 95/95 129/129 128/128
f 95/95 96/96 130/130 129/129
f 96/96 97/97 131/131 130/130
f 97/97 98/98 132/132 131/131
f 98/98 99/99 133/133 132/132
f 99/99 100/100 134/134 133/133
f 100/100 101/101 135/135 134/134
f 101/101 102/102 136/136 135/135
f 102/102 69/70 103/104 136/136
f 103/104 104/103 138/137 137/138
f 104/103 105/105 139/139 138/137
f 105/105 106/106 140/140 139/139
f 106/106 107/107 141/141 140/140
f 107/107 108/108 142/142 141/141
f 108/108 109/109 143/143 142/142
f 109/109 110/110 144/144 143/143
f 110/110 111/111 145/145 144/144
f 111/111 112/112 146/146 145/145
f 112/112 113/113 147/147 146/146
f 113/113 114/114 148/148 147/147
f 114/114 115/115 149/149 148/148
f 115/115 116/116 150/150 149/149
f 116/116 117/117 151/151 150/150
f 117/117 118/118 152/152 151/151
f 118/118 119/119 153/153 152/152
f 119/119 120/120 154/154 153/153
f 120/120 121/121 155/155 154/154
f 121/121 122/122 156/156 155/155
f 122/122 123/123 157/157 156/156
f 123/123 124/124 158/158 157/157
f 124/124 125/125 159/159 158/158
f 125/125 126/126 160/160 159/159
f 126/126 127/127 161/161 160/160
f 127/127 128/128 162/162 161/161
f 128/128 129/129 163/163 162/162
f 129/129 130/130 164/164 163/163
f 130/130 131/131 165/165 164/164
f 131/131 132/132 166/166 165/165
f 132/132 133/133 167/167 166/166
f 133/133 134/134 168/168 167/167
f 134/134 135/135 169/169 168/168
f 135/135 136/136 170/170 169/169
f 136/136 103/104 137/138 170/170
f 137/138 138/137 172/171 171/172
f 138/137 139/139 173/173 172/171
f 139/139 140/140 174/174 173/173
f 140/140 141/141 175/175 174/174
f 141/141 142/142 176/176 175/175
f 142/142 143/143 177/177 176/176
f 143/143 144/144 178/178 177/177
f 144/144 145/145 179/179 178/178
f 145/145 146/146 180/180 179/179
f 146/146 147/147 181/181 180/180
f 147/147 148/148 182/182 181/181
f 148/148 149/149 183/183 182/182
f 149/149 150/150 184/184 183/183
f 150/150 151/151 185/185 184/184
f 151/151 152/152 186/186 185/185
f 152/152 153/153 187/187 186/186
f 153/153 154/154 188/188 187/187
f 154/154 155/155 189/189 188/188
f 155/155 156/156 190/190 189/189
f 156/156 157/157 191/191 190/190
f 157/157 158/158 192/192 191/191
f 158/158 159/159 193/193 192/192
f 159/159 160/160 194/194 193/193
f 160/160 161/161 195/195 194/194
f 161/161 162/162 196/196 195/195
f 162/162 163/163 197/197 196/196
f 163/163 164/164 198/198 197/197
f 164/164 165/165 199/199 198/198
f 165/165 166/166 200/200 199/199
f 166/166 167/167 201/201 200/200
f 167/167 168/168 202/202 201/201
f 168/168 169/169 203/203 202/202
f 169/169 170/170 204/204 203/203
f 170/170 137/138 171/172 204/204
f 171/172 172/171 206/205 205/206
f 172/171 173/173 207/207 206/205
f 173/173 174/174 208/208 207/207
f 174/174 175/175 209/209 208/208
f 175/175 176/176 210/210 209/209
f 176/176 177/177 211/211 210/210
f 177/177 178/178 212/212 211/211
f 178/178 179/179 213/213 212/212
f 179/179 180/180 214/214 213/213
f 180/180 181/181 215/215 214/214
f 181/181 182/182 216/216 215/215
f 182/182 183/183 217/217 216/216
f 183/183 184/184 218/218 217/217
f 184/184 185/185 219/219 218/218
f 185/185 186/186 220/220 219/219
f 186/186 187/187 221/221 220/220
f 187/187 188/188 222/222 221/221
f 188/188 189/189 223/223 222/222
f 189/189 190/190 224/224 223/223
f 190/190 191/191 225/225 224/224
f 191/191 192/192 226/226 225/225
f 192/192 193/193 227/227 226/226
f 193/193 194/194 228/228 227/227
f 194/194 195/195 229/229 228/228
f 195/195 196/196 230/230 229/229
f 196/196 197/197 231/231 230/230
f 197/197 198/198 232/232 231/231
f 198/198 199/199 233/233 232/232
f 199/199 200/200 234/234 233/233
f 200/200 201/201 235/235 234/234
f 201/201 202/202 236/236 235/235
f 202/202 203/203 237/237 236/236
f 203/203 204/204 238/238 237/237
f 204/204 171/172 205/206 238/238
f 205/206 206/205 240/239 239/240
f 206/205 207/207 241/241 240/239
f 207/207 208/208 242/242 241/241
f 208/208 209/209 243/243 242/242
f 209/209 210/210 244/244 243/243
f 210/210 211/211 245/245 244/244
f 211/211 212/212 246/246 245/245
f 212/212 213/213 247/247 246/246
f 213/213 214/214 248/248 247/247
f 214/214 215/215 249/249 248/248
f 215/215 216/216 250/250 249/249
f 216/216 217/217 251/251 250/250
f 217/217 218/218 252/252 251/251
f 218/218 219/219 253/253 252/252
f 219/219 220/220 254/254 253/253
f 220/220 221/221 255/255 254/254
f 221/221 222/222 256/256 255/255
f 222/222 223/223 257/257 256/256
f 223/223 224/224 258/258 257/257
f 224/224 225/225 259/259 258/258
f 225/225 226/226 260/260 259/259
f 226/226 227/227 261/261 260/260
f 227/227 228/228 262/262 261/261
f 228/228 229/229 263/263 262/262
f 229/229 230/230 264/264 263/263
f 230/230 231/231 265/265 264/264
f 231/231 232/232 266/266 265/265
f 232/232 233/233 267/267 266/266
f 233/233 234/234 268/268 267/267
f 234/234 235/235 269/269 268/268
f 235/235 236/236 270/270 269/269
f 236/236 237/237 271/271 270/270
f 237/237 238/238 272/272 271/271
f 238/238 205/206 239/240 272/272
f 239/240 240/239 274/273 273/274
f 240/239 241/241 275/275 274/273
f 241/241 242/242 276/276 275/275
f 242/242 243/243 277/277 276/276
f 243/243 244/244 278/278 277/277
f 244/244 245/245 279/279 278/278
f 245/245 246/246 280/280 279/279
f 246/246 247/247 281/281 280/280
f 247/247 248/248 282/282 281/281
f 248/248 249/249 283/283 282/282
f 249/249 250/250 284/284 283/283
f 250/250 251/251 285/285 284/284
f 251/251 252/252 286/286 285/285
f 252/252 253/253 287/287 286/286
f 253/253 254/254 288/288 287/287
f 254/254 255/255 289/289 288/288
f 255/255 256/256 290/290 289/289
f 256/256 257/257 291/291 290/290
f 257/257 258/258 292/292 291/291
f 258/258 259/259 293/293 292/292
f 259/259 260/260 294/294 293/293
f 260/260 261/261 295/295 294/294
f 261/261 262/262 296/296 295/295
f 262/262 263/263 297/297 296/296
f 263/263 264/264 298/298 297/297
f 264/264 265/265 299/299 298/298
f 265/265 266/266 300/300 299/299
f 266/266 267/267 301/301 300/300
f 267/267 268/268 302/302 301/301
f 268/268 269/269 303/303 302/302
f 269/269 270/270 304/304 303/303
f 270/270 271/271 305/305 304/304
f 271/271 272/272 306/306 305/305
f 272/272 239/240 273/274 306/306
f 273/274 274/273 308/307 307/308
f 274/273 275/275 309/309 308/307
f 275/275 276/276 310/310 309/309
f 276/276 277/277 311/311 310/310
f 277/277 278/278 312/312 311/311
f 278/278 279/279 313/313 312/312
f 279/279 280/280 314/314 313/313
f 280/280 281/281 315/315 314/314
f 281/281 282/282 316/316 315/315
f 282/282 283/283 317/317 316/316
f 283/283 284/284 318/318 317/317
f 284/284 285/285 319/319 318/318
f 285/285 286/286 320/320 319/319
f 286/286 287/287 321/321 320/320
f 287/287 288/288 322/322 321/321
f 288/288 289/289 323/323 322/322
f 289/289 290/290 324/324 323/323
f 290/290 291/291 325/325 324/324
f 291/291 292/292 326/326 325/325
f 292/292 293/293 327/327 326/326
f 293/293 294/294 328/328 327/327
f 294/294 295/295 329/329 328/328
f 295/295 296/296 330/330 329/329
f 296/296 297/297 331/331 330/330
f 297/297 298/298 332/332 331/331
f 298/298 299/299 333/333 332/332
f 299/299 300/300 334/334 333/333
f 300/300 301/301 335/335 334/334
f 301/301 302/302 336/336 335/335
f 302/302 303/303 337/337 336/336
f 303/303 304/304 338/338 337/337
f 304/304 305/305 339/339 338/338
f 305/305 306/306 340/340 339/339
f 306/306 273/274 307/308 340/340
f 307/308 308/307 342/341 341/342
f 308/307 309/309 343/343 342/341
f 309/309 310/310 344/344 343/343
f 310/310 311/311 345/345 344/344
f 311/311 312/312 346/346 345/345
f 312/312 313/313 347/347 346/346
f 313/313 314/314 348/348 347/347
f 314/314 315/315 349/349 348/348
f 315/315 316/316 350/350 349/349
f 316/316 317/317 351/351 350/350
f 317/317 318/318 352/352 351/351
f 318/318 319/319 353/353 352/352
f 319/319 320/320 354/354 353/353
f 320/320 321/321 355/355 354/354
f 321/321 322/322 356/356 355/355
f 322/322 323/323 357/357 356/356
f 323/323 324/324 358/358 357/357
f 324/324 325/325 359/359 358/358
f 325/325 326/326 360/360 359/359
f 326/326 327/327 361/361 360/360
f 327/327 328/328 362/362 361/361
f 328/328 329/329 363/363 362/362
f 329/329 330/330 364/364 363/363
f 330/330 331/331 365/365 364/364
f 331/331 332/332 366/366 365/365
f 332/332 333/333 367/367 366/366
f 333/333 334/334 368/368 367/367
f 334/334 335/335 369/369 368/368
f 335/335 336/336 370/370 369/369
f 336/336 337/337 371/371 370/370
f 337/337 338/338 372/372 371/371
f 338/338 339/339 373/373 372/372
f 339/339 340/340 374/374 373/373
f 340/340 307/308 341/342 374/374
f 341/342 342/341 376/375 375/376
f 342/341 343/343 377/377 376/375
f 343/343 344/344 378/378 377/377
f 344/344 345/345 379/379 378/378
f 345/345 346/346 380/380 379/379
f 346/346 347/347 381/381 380/380
f 347/347 348/348 382/382 381/381
f 348/348 349/349 383/383 382/382
f 349/349 350/350 384/384 383/383
f 350/350 351/351 385/385 384/384
f 351/351 352/352 386/386 385/385
f 352/352 353/353 387/387 386/386
f 353/353 354/354 388/388 387/387
f 354/354 355/355 389/389 388/388
f 355/355 356/356 390/390 389/389
f 356/356 357/357 391/391 390/390
f 357/357 358/358 392/392 391/391
f 358/358 359/359 393/393 392/392
f 359/359 360/360 394/394 393/393
f 360/360 361/361 395/395 394/394
f 361/361 362/362 396/396 395/395
f 362/362 363/363 397/397 396/396
f 363/363 364/364 398/398 397/397
f 364/364 365/365 399/399 398/398
f 365/365 366/366 400/400 399/399
f 366/366 367/367 401/401 400/400
f 367/367 368/368 402/402 401/401
f 368/368 369/369 403/403 402/402
f 369/369 370/370 404/404 403/403
f 370/370 371/371 405/405 404/404
f 371/371 372/372 406/406 405/405
f 372/372 373/373 407/407 406/406
f 373/373 374/374 408/408 407/407
f 374/374 341/342 375/376 408/408
f 375/376 376/375 410/409 409/410
f 376/375 377/377 411/411 410/409
f 377/377 378/378 412/412 411/411
f 378/378 379/379 413/413 412/412
f 379/379 380/380 414/414 413/413
f 380/380 381/381 415/415 414/414
f 381/381 382/382 416/416 415/415
f 382/382 383/383 417/417 416/416
f 383/383 384/384 418/418 417/417
f 384/384 385/385 419/419 418/418
f 385/385 386/386 420/420 419/419
f 386/386 387/387 421/421 420/420
f 387/387 388/388 422/422 421/421
f 388/388 389/389 423/423 422/422
f 389/389 390/390 424/424 423/423
f 390/390 391/391 425/425 424/424
f 391/391 392/392 426/426 425/425
f 392/392 393/393 427/427 426/426
f 393/393 394/394 428/428 427/427
f 394/394 395/395 429/429 428/428
f 395/395 396/396 430/430 429/429
f 396/396 397/397 431/431 430/430
f 397/397 398/398 432/432 431/431
f 398/398 399/399 433/433 432/432
f 399/399 400/400 434/434 433/433
f 400/400 401/401 435/435 434/434
f 401/401 402/402 436/436 435/435
f 402/402 403/403 437/437 436/436
f 403/403 404/404 438/438 437/437
f 404/404 405/405 439/439 438/438
f 405/405 406/406 440/440 439/439
f 406/406 407/407 441/441 440/440
f 407/407 408/408 442/442 441/441
f 408/408 375/376 409/410 442/442
f 409/410 410/409 444/443 443/444
f 410/409 411/411 445/445 444/443
f 411/411 412/412 446/446 445/445
f 412/412 413/413 447/447 446/446
f 413/413 414/414 448/448 447/447
f 414/414 415/415 449/449 448/448
f 415/415 416/416 450/450 449/449
f 416/416 417/417 451/451 450/450
f 417/417 418/418 452/452 451/451
f 418/418 419/419 453/453 452/452
f 419/419 420/420 454/454 453/453
f 420/420 421/421 455/455 454/454
f 421/421 422/422 456/456 455/455
f 422/422 423/423 457/457 456/456
f 423/423 424/424 458/458 457/457
f 424/424 425/425 459/459 458/458
f 425/425 426/426 460/460 459/459
f 426/426 427/427 461/461 460/460
f 427/427 428/428 462/462 461/461
f 428/428 429/429 463/463 462/462
f 429/429 430/430 464/464 463/463
f 430/430 431/431 465/465 464/464
f 431/431 432/432 466/466 465/465
f 432/432 433/433 467/467 466/466
f 433/433 434/434 468/468 467/467
f 434/434 435/435 469/469 468/468
f 435/435 436/436 470/470 469/469
f 436/436 437/437 471/471 470/470
f 437/437 438/438 472/472 471/471
f 438/438 439/439 473/473 472/472
f 439/439 440/440 474/474 473/473
f 440/440 441/441 475/475 474/474
f 441/441 442/442 476/476 475/475
f 442/442 409/410 443/444 476/476
f 443/444 444/443 478/477 477/478
f 444/443 445/445 479/479 478/477
f 445/445 446/446 480/480 479/479
f 446/446 447/447 481/481 480/480
f 447/447 448/448 482/482 481/481
f 448/448 449/449 483/483 482/482
f 449/449 450/450 484/484 483/483
f 450/450 451/451 485/485 484/484
f 451/451 452/452 486/486 485/485
f 452/452 453/453 487/487 486/486
f 453/453 454/454 488/488 487/487
f 454/454 455/455 489/489 488/488
f 455/455 456/456 490/490 489/489
f 456/456 457/457 491/491 490/490
f 457/457 458/458 492/492 491/491
f 458/458 459/459 493/493 492/492
f 459/459 460/460 494/494 493/493
f 460/460 461/461 495/495 494/494
f 461/461 462/462 496/496 495/495
f 462/462 463/463 497/497 496/496
f 463/463 464/464 498/498 497/497
f 464/464 465/465 499/499 498/498
f 465/465 466/466 500/500 499/499
f 466/466 467/467 501/501 500/500
f 467/467 468/468 502/502 501/501
f 468/468 469/469 503/503 502/502
f 469/469 470/470 504/504 503/503
f 470/470 471/471 505/505 504/504
f 471/471 472/472 506/506 505/505
f 472/472 473/473 507/507 506/506
f 473/473 474/474 508/508 507/507
f 474/474 475/475 509/509 508/508
f 475/475 476/476 510/510 509/509
f 476/476 443/444 477/478 510/510
f 477/478 478/477 512/511 511/512
f 478/477 479/479 513/513 512/511
f 479/479 480/480 514/514 513/513
f 480/480 481/481 515/515 514/514
f 481/481 482/482 516/516 515/515
f 482/482 483/483 517/517 516/516
f 483/483 484/484 518/518 517/517
f 484/484 485/485 519/519 518/518
f 485/485 486/486 520/520 519/519
f 486/486 487/487 521/521 520/520
f 487/487 488/488 522/522 521/521
f 488/488 489/489 523/523 522/522
f 489/489 490/490 524/524 523/523
f 490/490 491/491 525/525 524/524
f 491/491 492/492 526/526 525/525
f 492/492 493/493 527/527 526/526
f 493/493 494/494 528/528 527/527
f 494/494 495/495 529/529 528/528
f 495/495 496/496 530/530 529/529
f 496/496 497/497 531/531 530/530
f 497/497 498/498 532/532 531/531
f 498/498 499/499 533/533 532/532
f 499/499 500/500 534/534 533/533
f 500/500 501/501 535/535 534/534
f 501/501 502/502 536/536 535/535
f 502/502 503/503 537/537 536/536
f 503/503 504/504 538/538 537/537
f 504/504 505/505 539/539 538/538
f 505/505 506/506 540/540 539/539
f 506/506 507/507 541/541 540/540
f 507/507 508/508 542/542 541/541
f 508/508 509/509 543/543 542/542
f 509/509 510/510 544/544 543/543
f 510/510 477/478 511/512 544/544
f 511/512 512/511 546/545 545/546
f 512/511 513/513 547/547 546/545
f 513/513 514/514 548/548 547/547
f 514/514 515/515 549/549 548/548
f 515/515 516/516 550/550 549/549
f 516/516 517/517 551/551 550/550
f 517/517 518/518 552/552 551/551
f 518/518 519/519 553/553 552/552
f 519/519 520/520 554/554 553/553
f 520/520 521/521 555/555 554/554
f 521/521 522/522 556/556 555/555
f 522/522 523/523 557/557 556/556
f 523/523 524/524 558/558 557/557
f 524/524 525/525 559/559 558/558
f 525/525 526/526 560/560 559/559
f 526/526 527/527 561/561 560/560
f 527/527 528/528 562/562 561/561
f 528/528 529/529 563/563 562/562
f 529/529 530/530 564/564 563/563
f 530/530 531/531 565/565 564/564
f 531/531 532/532 566/566 565/565
f 532/532 533/533 567/567 566/566
f 533/533 534/534 568/568 567/567
f 534/534 535/535 569/569 568/568
f 535/535 536/536 570/570 569/569
f 536/536 537/537 571/571 570/570
f 537/537 538/538 572/572 571/571
f 538/538 539/539 573/573 572/572
f 539/539 540/540 574/574 573/573
f 540/540 541/541 575/575 574/574
f 541/541 542/542 576/576 575/575
f 542/542 543/543 577/577 576/576
f 543/543 544/544 578/578 577/577
f 544/544 511/512 545/546 578/578
f 545/546 546/545 580/579 579/580
f 546/545 547/547 581/581 580/579
f 547/547 548/548 582/582 581/581
f 548/548 549/549 583/583 582/582
f 549/549 550/550 584/584 583/583
f 550/550 551/551 585/585 584/584
f 551/551 552/552 586/586 585/585
f 552/552 553/553 587/587 586/586
f 553/553 554/554 588/588 587/587
f 554/554 555/555 589/589 588/588
f 555/555 556/556 590/590 589/589
f 556/556 557/557 591/591 590/590
f 557/557 558/558 592/592 591/591
f 558/558 559/559 593/593 592/592
f 559/559 560/560 594/594 593/593
f 560/560 561/561 595/595 594/594
f 561/561 562/562 596/596 595/595
f 562/562 563/563 597/597 596/596
f 563/563 564/564 598/598 597/597
f 564/564 565/565 599/599 598/598
f 565/565 566/566 600/600 599/599
f 566/566 567/567 601/601 600/600
f 567/567 568/568 602/602 601/601
f 568/568 569/569 603/603 602/602
f 569/569 570/570 604/604 603/603
f 570/570 571/571 605/605 604/604
f 571/571 572/572 606/606 605/605
f 572/572 573/573 607/607 606/606
f 573/573 574/574 608/608 607/607
f 574/574 575/575 609/609 608/608
f 575/575 576/576 610/610 609/609
f 576/576 577/577 611/611 610/610
f 577/577 578/578 612/612 611/611
f 578/578 545/546 579/580 612/612
f 579/580 580/579 614/613 613/614
f 580/579 581/581 615/615 614/613
f 581/581 582/582 616/616 615/615
f 582/582 583/583 617/617 616/616
f 583/583 584/584 618/618 617/617
f 584/584 585/585 619/619 618/618
f 585/585 586/586 620/620 619/619
f 586/586 587/587 621/621 620/620
f 587/587 588/588 622/622 621/621
f 588/588 589/589 623/623 622/622
f 589/589 590/590 624/624 623/623
f 590/590 591/591 625/625 624/624
f 591/591 592/592 626/626 625/625
f 592/592 593/593 627/627 626/626
f 593/593 594/594 628/628 627/627
f 594/594 595/595 629/629 628/628
f 595/595 596/596 630/630 629/629
f 596/596 597/597 631/631 630/630
f 597/597 598/598 632/632 631/631
f 598/598 599/599 633/633 632/632
f 599/599 600/600 634/634 633/633
f 600/600 601/601 635/635 634/634
f 601/601 602/602 636/636 635/635
f 602/602 603/603 637/637 636/636
f 603/603 604/604 638/638 637/637
f 604/604 605/605 639/639 638/638
f 605/605 606/606 640/640 639/639
f 606/606 607/607 641/641 640/640
f 607/607 608/608 642/642 641/641
f 608/608 609/609 643/643 642/642
f 609/609 610/610 644/644 643/643
f 610/610 611/611 645/645 644/644
f 611/611 612/612 646/646 645/645
f 612/612 579/580 613/614 646/646
f 613/614 614/613 648/647 647/648
f 614/613 615/615 649/649 648/647
f 615/615 616/616 650/650 649/649
f 616/616 617/617 651/651 650/650
f 617/617 618/618 652/652 651/651
f 618/618 619/619 653/653 652/652
f 619/619 620/620 654/654 653/653
f 620/620 621/621 655/655 654/654
f 621/621 622/622 656/656 655/655
f 622/622 623/623 657/657 656/656
f 623/623 624/624 658/658 657/657
f 624/624 625/625 659/659 658/658
f 625/625 626/626 660/660 659/659
f 626/626 627/627 661/661 660/660
f 627/627 628/628 662/662 661/661
f 628/628 629/629 663/663 662/662
f 629/629 630/630 664/664 663/663
f 630/630 631/631 665/665 664/664
f 631/631 632/632 666/666 665/665
f 632/632 633/633 667/667 666/666
f 633/633 634/634 668/668 667/667
f 634/634 635/635 669/669 668/668
f 635/635 636/636 670/670 669/669
f 636/636 637/637 671/671 670/670
f 637/637 638/638 672/672 671/671
f 638/638 639/639 673/673 672/672
f 639/639 640/640 674/674 673/673
f 640/640 641/641 675/675 674/674
f 641/641 642/642 676/676 675/675
f 642/642 643/643 677/677 676/676
f 643/643 644/644 678/678 677/677
f 644/644 645/645 679/679 678/678
f 645/645 646/646 680/680 679/679
f 646/646 613/614 647/648 680/680
f 647/648 648/647 682/681 681/682
f 648/647 649/649 683/683 682/681
f 649/649 650/650 684/684 683/683
f 650/650 651/651 685/685 684/684
f 651/651 652/652 686/686 685/685
f 652/652 653/653 687/687 686/686
f 653/653 654/654 688/688 687/687
f 654/654 655/655 689/689 688/688
f 655/655 656/656 690/690 689/689
f 656/656 657/657 691/691 690/690
f 657/657 658/658 692/692 691/691
f 658/658 659/659 693/693 692/692
f 659/659 660/660 694/694 693/693
f 660/660 661/661 695/695 694/694
f 661/661 662/662 696/696 695/695
f 662/662 663/663 697/697 696/696
f 663/663 664/664 698/698 697/697
f 664/664 665/665 699/699 698/698
f 665/665 666/666 700/700 699/699
f 666/666 667/667 701/701 700/700
f 667/667 668/668 702/702 701/701
f 668/668 669/669 703/703 702/702
f 669/669 670/670 704/704 703/703
f 670/670 671/671 705/705 704/704
f 671/671 672/672 706/706 705/705
f 672/672 673/673 707/707 706/706
f 673/673 674/674 708/708 707/707
f 674/674 675/675 709/709 708/708
f 675/675 676/676 710/710 709/709
f 676/676 677/677 711/711 710/710
f 677/677 678/678 712/712 711/711
f 678/678 679/679 713/713 712/712
f 679/679 680/680 714/714 713/713
f 680/680 647/648 681/682 714/714
f 681/682 682/681 716/715 715/716
f 682/681 683/683 717/717 716/715
f 683/683 684/684 718/718 717/717
f 684/684 685/685 719/719 718/718
f 685/685 686/686 720/720 719/719
f 686/686 687/687 721/721 720/720
f 687/687 688/688 722/722 721/721
f 688/688 689/689 723/723 722/722
f 689/689 690/690 724/724 723/723
f 690/690 691/691 725/725 724/724
f 691/691 692/692 726/726 725/725
f 692/692 693/693 727/727 726/726
f 693/693 694/694 728/728 727/727
f 694/694 695/695 729/729 728/728
f 695/695 696/696 730/730 729/729
f 696/696 697/697 731/731 730/730
f 697/697 698/698 732/732 731/731
f 698/698 699/699 733/733 732/732
f 699/699 700/700 734/734 733/733
f 700/700 701/701 735/735 734/734
f 701/701 702/702 736/736 735/735
f 702/702 703/703 737/737 736/736
f 703/703 704/704 738/738 737/737
f 704/704 705/705 739/739 738/738
f 705/705 706/706 740/740 739/739
f 706/706 707/707 741/741 740/740
f 707/707 708/708 742/742 741/741
f 708/708 709/709 743/743 742/742
f 709/709 710/710 744/744 743/743
f 710/710 711/711 745/745 744/744
f 711/711 712/712 746/746 745/745
f 712/712 713/713 747/747 746/746
f 713/713 714/714 748/748 747/747
f 714/714 681/682 715/716 748/748
f 715/716 716/715 750/749 749/750
f 716/715 717/717 751/751 750/749
f 717/717 718/718 752/752 751/751
f 718/718 719/719 753/753 752/752
f 719/719 720/720 754/754 753/753
f 720/720 721/721 755/755 754/754
f 721/721 722/722 756/756 755/755
f 722/722 723/723 757/757 756/756
f 723/723 724/724 758/758 757/757
f 724/724 725/725 759/759 758/758
f 725/725 726/726 760/760 759/759
f 726/726 727/727 761/761 760/760
f 727/727 728/728 762/762 761/761
f 728/728 729/729 763/763 762/762
f 729/729 730/730 764/764 763/763
f 730/730 731/731 765/765 764/764
f 731/731 732/732 766/766 765/765
f 732/732 733/733 767/767 766/766
f 733/733 734/734 768/768 767/767
f 734/734 735/735 769/769 768/768
f 735/735 736/736 770/770 769/769
f 736/736 737/737 771/771 770/770
f 737/737 738/738 772/772 771/771
f 738/738 739/739 773/773 772/772
f 739/739 740/740 774/774 773/773
f 740/740 741/741 775/775 774/774
f 741/741 742/742 776/776 775/775
f 742/742 743/743 777/777 776/776
f 743/743 744/744 778/778 777/777
f 744/744 745/745 779/779 778/778
f 745/745 746/746 780/780 779/779
f 746/746 747/747 781/781 780/780
f 747/747 748/748 782/782 781/781
f 748/748 715/716 749/750 782/782
f 749/750 750/749 784/783 783/784
f 750/749 751/751 785/785 784/783
f 751/751 752/752 786/786 785/785
f 752/752 753/753 787/787 786/786
f 753/753 754/754 788/788 787/787
f 754/754 755/755 789/789 788/788
f 755/755 756/756 790/790 789/789
f 756/756 757/757 791/791 790/790
f 757/757 758/758 792/792 791/791
f 758/758 759/759 793/793 792/792
f 759/759 760/760 794/794 793/793
f 760/760 761/761 795/795 794/794
f 761/761 762/762 796/796 795/795
f 762/762 763/763 797/797 796/796
f 763/763 764/764 798/798 797/797
f 764/764 765/765 799/799 798/798
f 765/765 766/766 800/800 799/799
f 766/766 767/767 801/801 800/800
f 767/767 768/768 802/802 801/801
f 768/768 769/769 803/803 802/802
f 769/769 770/770 804/804 803/803
f 770/770 771/771 805/805 804/804
f 771/771 772/772 806/806 805/805
f 772/772 773/773 807/807 806/806
f 773/773 774/774 808/808 807/807
f 774/774 775/775 809/809 808/808
f 775/775 776/776 810/810 809/809
f 776/776 777/777 811/811 810/810
f 777/777 778/778 812/812 811/811
f 778/778 779/779 813/813 812/812
f 779/779 780/780 814/814 813/813
f 780/780 781/781 815/815 814/814
f 781/781 782/782 816/816 815/815
f 782/782 749/750 783/784 816/816
f 783/784 784/783 818/817 817/818
f 784/783 785/785 819/819 818/817
f 785/785 786/786 820/820 819/819
f 786/786 787/787 821/821 820/820
f 787/787 788/788 822/822 821/821
f 788/788 789/789 823/823 822/822
f 789/789 790/790 824/824 823/823
f 790/790 791/791 825/825 824/824
f 791/791 792/792 826/826 825/825
f 792/792 793/793 827/827 826/826
f 793/793 794/794 828/828 827/827
f 794/794 795/795 829/829 828/828
f 795/795 796/796 830/830 829/829
f 796/796 797/797 831/831 830/830
f 797/797 798/798 832/832 831/831
f 798/798 799/799 833/833 832/832
f 799/799 800/800 834/834 833/833
f 800/800 801/801 835/835 834/834
f 801/801 802/802 836/836 835/835
f 802/802 803/803 837/837 836/836
f 803/803 804/804 838/838 837/837
f 804/804 805/805 839/839 838/838
f 805/805 806/806 840/840 839/839
f 806/806 807/807 841/841 840/840
f 807/807 808/808 842/842 841/841
f 808/808 809/809 843/843 842/842
f 809/809 810/810 844/844 843/843
f 810/810 811/811 845/845 844/844
f 811/811 812/812 846/846 845/845
f 812/812 813/813 847/847 846/846
f 813/813 814/814 848/848 847/847
f 814/814 815/815 849/849 848/848
f 815/815 816/816 850/850 849/849
f 816/816 783/784 817/818 850/850
f 817/818 818/817 852/851 851/852
f 818/817 819/819 853/853 852/851
f 819/819 820/820 854/854 853/853
f 820/820 821/821 855/855 854/854
f 821/821 822/822 856/856 855/855
f 822/822 823/823 857/857 856/856
f 823/823 824/824 858/858 857/857
f 824/824 825/825 859/859 858/858
f 825/825 826/826 860/860 859/859
f 826/826 827/827 861/861 860/860
f 827/827 828/828 862/862 861/861
f 828/828 829/829 863/863 862/862
f 829/829 830/830 864/864 863/863
f 830/830 831/831 865/865 864/864
f 831/831 832/832 866/866 865/865
f 832/832 833/833 867/867 866/866
f 833/833 834/834 868/868 867/867
f 834/834 835/835 869/869 868/868
f 835/835 836/836 870/870 869/869
f 836/836 837/837 871/871 870/870
f 837/837 838/838 872/872 871/871
f 838/838 839/839 873/873 872/872
f 839/839 840/840 874/874 873/873
f 840/840 841/841 875/875 874/874
f 841/841 842/842 876/876 875/875
f 842/842 843/843 877/877 876/876
f 843/843 844/844 878/878 877/877
f 844/844 845/845 879/879 878/878
f 845/845 846/846 880/880 879/879
f 846/846 847/847 881/881 880/880
f 847/847 848/848 882/882 881/881
f 848/848 849/849 883/883 882/882
f 849/849 850/850 884/884 883/883
f 850/850 817/818 851/852 884/884
f 851/852 852/851 886/885 885/886
f 852/851 853/853 887/887 886/885
f 853/853 854/854 888/888 887/887
f 854/854 855/855 889/889 888/888
f 855/855 856/856 890/890 889/889
f 856/856 857/857 891/891 890/890
f 857/857 858/858 892/892 891/891
f 858/858 859/859 893/893 892/892
f 859/859 860/860 894/894 893/893
f 860/860 861/861 895/895 894/894
f 861/861 862/862 896/896 895/895
f 862/862 863/863 897/897 896/896
f 863/863 864/864 898/898 897/897
f 864/864 865/865 899/899 898/898
f 865/865 866/866 900/900 899/899
f 866/866 867/867 901/901 900/900
f 867/867 868/868 902/902 901/901
f 868/868 869/869 903/903 902/902
f 869/869 870/870 904/904 903/903
f 870/870 871/871 905/905 904/904
f 871/871 872/872 906/906 905/905
f 872/872 873/873 907/907 906/906
f 873/873 874/874 908/908 907/907
f 874/874 875/875 909/909 908/908
f 875/875 876/876 910/910 909/909
f 876/876 877/877 911/911 910/910
f 877/877 878/878 912/912 911/911
f 878/878 879/879 913/913 912/912
f 879/879 880/880 914/914 913/913
f 880/880 881/881 915/915 914/914
f 881/881 882/882 916/916 915/915
f 882/882 883/883 917/917 916/916
f 883/883 884/884 918/918 917/917
f 884/884 851/852 885/886 918/918
f 885/886 886/885 920/919 919/920
f 886/885 887/887 921/921 920/919
f 887/887 888/888 922/922 921/921
f 888/888 889/889 923/923 922/922
f 889/889 890/890 924/924 923/923
f 890/890 891/891 925/925 924/924
f 891/891 892/892 926/926 925/925
f 892/892 893/893 927/927 926/926
f 893/893 894/894 928/928 927/927
f 894/894 895/895 929/929 928/928
f 895/895 896/896 930/930 929/929
f 896/896 897/897 931/931 930/930
f 897/897 898/898 932/932 931/931
f 898/898 899/899 933/933 932/932
f 899/899 900/900 934/934 933/933
f 900/900 901/901 935/935 934/934
f 901/901 902/902 936/936 935/935
f 902/902 903/903 937/937 936/936
f 903/903 904/904 938/938 937/937
f 904/904 905/905 939/939 938/938
f 905/905 906/906 940/940 939/939
f 906/906 907/907 941/941 940/940
f 907/907 908/908 942/942 941/941
f 908/908 909/909 943/943 942/942
f 909/909 910/910 944/944 943/943
f 910/910 911/911 945/945 944/944
f 911/911 912/912 946/946 945/945
f 912/912 913/913 947/947 946/946
f 913/913 914/914 948/948 947/947
f 914/914 915/915 949/949 948/948
f 915/915 916/916 950/950 949/949
f 916/916 917/917 951/951 950/950
f 917/917 918/918 952/952 951/951
f 918/918 885/886 919/920 952/952
f 919/920 920/919 954/953 953/954
f 920/919 921/921 955/955 954/953
f 921/921 922/922 956/956 955/955
f 922/922 923/923 957/957 956/956
f 923/923 924/924 958/958 957/957
f 924/924 925/925 959/959 958/958
f 925/925 926/926 960/960 959/959
f 926/926 927/927 961/961 960/960
f 927/927 928/928 962/962 961/961
f 928/928 929/929 963/963 962/962
f 929/929 930/930 964/964 963/963
f 930/930 931/931 965/965 964/964
f 931/931 932/932 966/966 965/965
f 932/932 933/933 967/967 966/966
f 933/933 934/934 968/968 967/967
f 934/934 935/935 969/969 968/968
f 935/935 936/936 970/970 969/969
f 936/936 937/937 971/971 970/970
f 937/937 938/938 972/972 971/971
f 938/938 939/939 973/973 972/972
f 939/939 940/940 974/974 973/973
f 940/940 941/941 975/975 974/974
f 941/941 942/942 976/976 975/975
f 942/942 943/943 977/977 976/976
f 943/943 944/944 978/978 977/977
f 944/944 945/945 979/979 978/978
f 945/945 946/946 980/980 979/979
f 946/946 947/947 981/981 980/980
f 947/947 948/948 982/982 981/981
f 948/948 949/949 983/983 982/982
f 949/949 950/950 984/984 983/983
f 950/950 951/951 985/985 984/984
f 951/951 952/952 986/986 985/985
f 952/952 919/920 953/954 986/986
f 953/954 954/953 988/987 987/988
f 954/953 955/955 989/989 988/987
f 955/955 956/956 990/990 989/989
f 956/956 957/957 991/991 990/990
f 957/957 958/958 992/992 991/991
f 958/958 959/959 993/993 992/992
f 959/959 960/960 994/994 993/993
f 960/960 961/961 995/995 994/994
f 961/961 962/962 996/996 995/995
f 962/962 963/963 997/997 996/996
f 963/963 964/964 998/998 997/997
f 964/964 965/965 999/999 998/998
f 965/965 966/966 1000/1000 999/999
f 966/966 967/967 1001/1001 1000/1000
f 967/967 968/968 1002/1002 1001/1001
f 968/968 969/969 1003/1003 1002/1002
f 969/969 970/970 1004/1004 1003/1003
f 970/970 971/971 1005/1005 1004/1004
f 971/971 972/972 1006/1006 1005/1005
f 972/972 973/973 1007/1007 1006/1006
f 973/973 974/974 1008/1008 1007/1007
f 974/974 975/975 1009/1009 1008/1008
f 975/975 976/976 1010/1010 1009/1009
f 976/976 977/977 1011/1011 1010/1010
f 977/977 978/978 1012/1012 1011/1011
f 978/978 979/979 1013/1013 1012/1012
f 979/979 980/980 1014/1014 1013/1013
f 980/980 981/981 1015/1015 1014/1014
f 981/981 982/982 1016/1016 1015/1015
f 982/982 983/983 1017/1017 1016/1016
f 983/983 984/984 1018/1018 1017/1017
f 984/984 985/985 1019/1019 1018/1018
f 985/985 986/986 1020/1020 1019/1019
f 986/986 953/954 987/988 1020/1020
f 987/988 988/987 1022/1021 1021/1022
f 988/987 989/989 1023/1023 1022/1021
f 989/989 990/990 1024/1024 1023/1023
f 990/990 991/991 1025/1025 1024/1024
f 991/991 992/992 1026/1026 1025/1025
f 992/992 993/993 1027/1027 1026/1026
f 993/993 994/994 1028/1028 1027/1027
f 994/994 995/995 1029/1029 1028/1028
f 995/995 996/996 1030/1030 1029/1029
f 996/996 997/997 1031/1031 1030/1030
f 997/997 998/998 1032/1032 1031/1031
f 998/998 999/999 1033/1033 1032/1032
f 999/999 1000/1000 1034/1034 1033/1033
f 1000/1000 1001/1001 1035/1035 1034/1034
f 1001/1001 1002/1002 1036/1036 1035/1035
f 1002/1002 1003/1003 1037/1037 1036/1036
f 1003/1003 1004/1004 1038/1038 1037/1037
f 1004/1004 1005/1005 1039/1039 1038/1038
f 1005/1005 1006/1006 1040/1040 1039/1039
f 1006/1006 1007/1007 1041/1041 1040/1040
f 1007/1007 1008/1008 1042/1042 1041/1041
f 1008/1008 1009/1009 1043/1043 1042/1042
f 1009/1009 1010/1010 1044/1044 1043/1043
f 1010/1010 1011/1011 1045/1045 1044/1044
f 1011/1011 1012/1012 1046/1046 1045/1045
f 1012/1012 1013/1013 1047/1047 1046/1046
f 1013/1013 1014/1014 1048/1048 1047/1047
f 1014/1014 1015/1015 1049/1049 1048/1048
f 1015/1015 1016/1016 1050/1050 1049/1049
f 1016/1016 1017/1017 1051/1051 1050/1050
f 1017/1017 1018/1018 1052/1052 1051/1051
f 1018/1018 1019/1019 1053/1053 1052/1052
f 1019/1019 1020/1020 1054/1054 1053/1053
f 1020/1020 987/988 1021/1022 1054/1054
f 1021/1022 1022/1021 1056/1055 1055/1056
f 1022/1021 1023/1023 1057/1057 1056/1055
f 1023/1023 1024/1024 1058/1058 1057/1057
f 1024/1024 1025/1025 1059/1059 1058/1058
f 1025/1025 1026/1026 1060/1060 1059/1059
f 1026/1026 1027/1027 1061/1061 1060/1060
f 1027/1027 1028/1028 1062/1062 1061/1061
f 1028/1028 1029/1029 1063/1063 1062/1062
f 1029/1029 1030/1030 1064/1064 1063/1063
f 1030/1030 1031/1031 1065/1065 1064/1064
f 1031/1031 1032/1032 1066/1066 1065/1065
f 1032/1032 1033/1033 1067/1067 1066/1066
f 1033/1033 1034/1034 1068/1068 1067/1067
f 1034/1034 1035/1035 1069/1069 1068/1068
f 1035/1035 1036/1036 1070/1070 1069/1069
f 1036/1036 1037/1037 1071/1071 1070/1070
f 1037/1037 1038/1038 1072/1072 1071/1071
f 1038/1038 1039/1039 1073/1073 1072/1072
f 1039/1039 1040/1040 1074/1074 1073/1073
f 1040/1040 1041/1041 1075/1075 1074/1074
f 1041/1041 1042/1042 1076/1076 1075/1075
f 1042/1042 1043/1043 1077/1077 1076/1076
f 1043/1043 1044/1044 1078/1078 1077/1077
f 1044/1044 1045/1045 1079/1079 1078/1078
f 1045/1045 1046/1046 1080/1080 1079/1079
f 1046/1046 1047/1047 1081/1081 1080/1080
f 1047/1047 1048/1048 1082/1082 1081/1081
f 1048/1048 1049/1049 1083/1083 1082/1082
f 1049/1049 1050/1050 1084/1084 1083/1083
f 1050/1050 1051/1051 1085/1085 1084/1084
f 1051/1051 1052/1052 1086/1086 1085/1085
f 1052/1052 1053/1053 1087/1087 1086/1086
f 1053/1053 1054/1054 1088/1088 1087/1087
f 1054/1054 1021/1022 1055/1056 1088/1088
f 1055/1056 1056/1055 1090/1089 1089/1090
f 1056/1055 1057/1057 1091/1091 1090/1089
f 1057/1057 1058/1058 1092/1092 1091/1091
f 1058/1058 1059/1059 1093/1093 1092/1092
f 1059/1059 1060/1060 1094/1094 1093/1093
f 1060/1060 1061/1061 1095/1095 1094/1094
f 1061/1061 1062/1062 1096/1096 1095/1095
f 1062/1062 1063/1063 1097/1097 1096/1096
f 1063/1063 1064/1064 1098/1098 1097/1097
f 1064/1064 1065/1065 1099/1099 1098/1098
f 1065/1065 1066/1066 1100/1100 1099/1099
f 1066/1066 1067/1067 1101/1101 1100/1100
f 1067/1067 1068/1068 1102/1102 1101/1101
f 1068/1068 1069/1069 1103/1103 1102/1102
f 1069/1069 1070/1070 1104/1104 1103/1103
f 1070/1070 1071/1071 1105/1105 1104/1104
f 1071/1071 1072/1072 1106/1106 1105/1105
f 1072/1072 1073/1073 1107/1107 1106/1106
f 1073/1073 1074/1074 1108/1108 1107/1107
f 1074/1074 1075/1075 1109/1109 1108/1108
f 1075/1075 1076/1076 1110/1110 1109/1109
f 1076/1076 1077/1077 1111/1111 1110/1110
f 1077/1077 1078/1078 1112/1112 1111/1111
f 1078/1078 1079/1079 1113/1113 1112/1112
f 1079/1079 1080/1080 1114/1114 1113/1113
f 1080/1080 1081/1081 1115/1115 1114/1114
f 1081/1081 1082/1082 1116/1116 1115/1115
f 1082/1082 1083/1083 1117/1117 1116/1116
f 1083/1083 1084/1084 1118/1118 1117/1117
f 1084/1084 1085/1085 1119/1119 1118/1118
f 1085/1085 1086/1086 1120/1120 1119/1119
f 1086/1086 1087/1087 1121/1121 1120/1120
f 1087/1087 1088/1088 1122/1122 1121/1121
f 1088/1088 1055/1056 1089/1090 1122/1122
f 2/2 1/1 1123/1123
f 3/5 2/2 1123/1123
f 4/7 3/5 1123/1123
f 5/9 4/7 1123/1123
f 6/11 5/9 1123/1123
f 7/13 6/11 1123/1123
f 8/15 7/13 1123/1123
f 9/17 8/15 1123/1123
f 10/19 9/17 1123/1123
f 11/21 10/19 1123/1123
f 12/23 11/21 1123/1123
f 13/25 12/23 1123/1123
f 14/27 13/25 1123/1123
f 15/29 14/27 1123/1123
f 16/31 15/29 1123/1123
f 17/33 16/31 1123/1123
f 18/35 17/33 1123/1123
f 19/37 18/35 1123/1123
f 20/39 19/37 1123/1123
f 21/41 20/39 1123/1123
f 22/43 21/41 1123/1123
f 23/45 22/43 1123/1123
f 24/47 23/45 1123/1123
f 25/49 24/47 1123/1123
f 26/51 25/49 1123/1123
f 27/53 26/51 1123/1123
f 28/55 27/53 1123/1123
f 29/57 28/55 1123/1123
f 30/59 29/57 1123/1123
f 31/61 30/59 1123/1123
f 32/63 31/61 1123/1123
f 33/65 32/63 1123/1123
f 34/67 33/65 1123/1123
f 1/1 34/67 1123/1123
f 1089/1090 1090/1089 1124/1124
f 1090/1089 1091/1091 1124/1124
f 1091/1091 1092/1092 1124/1124
f 1092/1092 1093/1093 1124/1124
f 1093/1093 1094/1094 1124/1124
f 1094/1094 1095/1095 1124/1124
f 1095/1095 1096/1096 1124/1124
f 1096/1096 1097/1097 1124/1124
f 1097/1097 1098/1098 1124/1124
f 1098/1098 1099/1099 1124/1124
f 1099/1099 1100/1100 1124/1124
f 1100/1100 1101/1101 1124/1124
f 1101/1101 1102/1102 1124/1124
f 1102/1102 1103/1103 1124/1124
f 1103/1103 1104/1104 1124/1124
f 1104/1104 1105/1105 1124/1124
f 1105/1105 1106/1106 1124/1124
f 1106/1106 1107/1107 1124/1124
f 1107/1107 1108/1108 1124/1124
f 1108/1108 1109/1109 1124/1124
f 1109/1109 1110/1110 1124/1124
f 1110/1110 1111/1111 1124/1124
f 1111/1111 1112/1112 1124/1124
f 1112/1112 1113/1113 1124/1124
f 1113/1113 1114/1114 1124/1124
f 1114/1114 1115/1115 1124/1124
f 1115/1115 1116/1116 1124/1124
f 1116/1116 1117/1117 1124/1124
f 1117/1117 1118/1118 1124/1124
f 1118/1118 1119/1119 1124/1124
f 1119/1119 1120/1120 1124/1124
f 1120/1120 1121/1121 1124/1124
f 1121/1121 1122/1122 1124/1124
f 1122/1122 1089/1090 1124/1124
g default
v 0.028285 0.004480 -0.905138
v 0.027236 0.008850 -0.905138
v 0.025516 0.013001 -0.905138
v 0.023168 0.016833 -0.905138
v 0.020250 0.020250 -0.905138
v 0.016833 0.023168 -0.905138
v 0.013001 0.025516 -0.905138
v 0.008849 0.027236 -0.905138
v 0.004480 0.028285 -0.905138
v -0.000000 0.028637 -0.905138
v -0.004480 0.028285 -0.905138
v -0.008850 0.027236 -0.905138
v -0.013001 0.025516 -0.905138
v -0.016833 0.023168 -0.905138
v -0.020250 0.020250 -0.905138
v -0.023168 0.016833 -0.905138
v -0.025516 0.013001 -0.905138
v -0.027236 0.008850 -0.905138
v -0.028285 0.004480 -0.905138
v -0.028637 0.000000 -0.905138
v -0.028285 -0.004480 -0.905138
v -0.027236 -0.008849 -0.905138
v -0.025516 -0.013001 -0.905138
v -0.023168 -0.016833 -0.905138
v -0.020250 -0.020250 -0.905138
v -0.016833 -0.023168 -0.905138
v -0.013001 -0.025516 -0.905138
v -0.008850 -0.027236 -0.905138
v -0.004480 -0.028285 -0.905138
v -0.000000 -0.028637 -0.905138
v 0.004480 -0.028285 -0.905138
v 0.008849 -0.027236 -0.905138
v 0.013001 -0.025516 -0.905138
v 0.016833 -0.023168 -0.905138
v 0.020250 -0.020250 -0.905138
v 0.023168 -0.016833 -0.905138
v 0.025516 -0.013001 -0.905138
v 0.027236 -0.008849 -0.905138
v 0.028285 -0.004480 -0.905138
v 0.028637 0.000000 -0.905138
v 0.473128 0.074936 -0.596986
v 0.455581 0.148027 -0.596986
v 0.426815 0.217473 -0.596986
v 0.387540 0.281564 -0.596986
v 0.338723 0.338722 -0.596986
v 0.281564 0.387540 -0.596986
v 0.217473 0.426815 -0.596986
v 0.148027 0.455581 -0.596986
v 0.074936 0.473128 -0.596986
v 0.000000 0.479026 -0.596986
v -0.074936 0.473128 -0.596986
v -0.148027 0.455581 -0.596986
v -0.217473 0.426815 -0.596986
v -0.281564 0.387540 -0.596986
v -0.338722 0.338723 -0.596986
v -0.387540 0.281564 -0.596986
v -0.426815 0.217473 -0.596986
v -0.455581 0.148027 -0.596986
v -0.473128 0.074936 -0.596986
v -0.479026 0.000000 -0.596986
v -0.473128 -0.074936 -0.596986
v -0.455581 -0.148027 -0.596986
v -0.426815 -0.217473 -0.596986
v -0.387540 -0.281564 -0.596986
v -0.338722 -0.338722 -0.596986
v -0.281564 -0.387540 -0.596986
v -0.217473 -0.426815 -0.596986
v -0.148027 -0.455580 -0.596986
v -0.074936 -0.473128 -0.596986
v -0.000000 -0.479026 -0.596986
v 0.074936 -0.473128 -0.596986
v 0.148027 -0.455580 -0.596986
v 0.217473 -0.426815 -0.596986
v 0.281564 -0.387540 -0.596986
v 0.338722 -0.338722 -0.596986
v 0.387540 -0.281564 -0.596986
v 0.426815 -0.217473 -0.596986
v 0.455580 -0.148027 -0.596986
v 0.473128 -0.074936 -0.596986
v 0.479026 -0.000000 -0.596986
v -0.000000 -0.000000 -0.596986
v 0.026108 0.004135 -0.905138
v 0.025140 0.008168 -0.905138
v 0.023552 0.012001 -0.905138
v 0.021385 0.015537 -0.905138
v 0.018691 0.018691 -0.905138
v 0.015537 0.021385 -0.905138
v 0.012000 0.023552 -0.905138
v 0.008168 0.025140 -0.905138
v 0.004135 0.026108 -0.905138
v -0.000000 0.026433 -0.905138
v -0.004135 0.026108 -0.905138
v -0.008168 0.025140 -0.905138
v -0.012001 0.023552 -0.905138
v -0.015537 0.021385 -0.905138
v -0.018691 0.018691 -0.905138
v -0.021385 0.015537 -0.905138
v -0.023552 0.012001 -0.905138
v -0.025140 0.008168 -0.905138
v -0.026108 0.004135 -0.905138
v -0.026433 0.000000 -0.905138
v -0.026108 -0.004135 -0.905138
v -0.025140 -0.008168 -0.905138
v -0.023552 -0.012000 -0.905138
v -0.021385 -0.015537 -0.905138
v -0.018691 -0.018691 -0.905138
v -0.015537 -0.021385 -0.905138
v -0.012001 -0.023552 -0.905138
v -0.008168 -0.025140 -0.905139
v -0.004135 -0.026108 -0.905138
v -0.000000 -0.026433 -0.905138
v 0.004135 -0.026108 -0.905138
v 0.008168 -0.025140 -0.905139
v 0.012000 -0.023552 -0.905138
v 0.015537 -0.021385 -0.905138
v 0.018691 -0.018691 -0.905138
v 0.021385 -0.015537 -0.905138
v 0.023552 -0.012000 -0.905138
v 0.025140 -0.008168 -0.905138
v 0.026108 -0.004135 -0.905138
v 0.026433 0.000000 -0.905138
v 0.022881 0.003624 -0.898524
v 0.022033 0.007159 -0.898524
v -0.000000 0.000000 -0.898524
v 0.020641 0.010517 -0.898524
v 0.018742 0.013617 -0.898524
v 0.016381 0.016381 -0.898524
v 0.013617 0.018742 -0.898524
v 0.010517 0.020641 -0.898524
v 0.007159 0.022033 -0.898524
v 0.003624 0.022881 -0.898524
v -0.000000 0.023167 -0.898524
v -0.003624 0.022881 -0.898524
v -0.007159 0.022033 -0.898524
v -0.010517 0.020641 -0.898524
v -0.013617 0.018742 -0.898524
v -0.016381 0.016381 -0.898524
v -0.018742 0.013617 -0.898524
v -0.020641 0.010517 -0.898524
v -0.022033 0.007159 -0.898524
v -0.022881 0.003624 -0.898524
v -0.023167 0.000000 -0.898524
v -0.022881 -0.003624 -0.898524
v -0.022033 -0.007159 -0.898524
v -0.020641 -0.010517 -0.898524
v -0.018742 -0.013617 -0.898524
v -0.016381 -0.016381 -0.898524
v -0.013617 -0.018742 -0.898524
v -0.010517 -0.020641 -0.898524
v -0.007159 -0.022033 -0.898524
v -0.003624 -0.022881 -0.898524
v -0.000000 -0.023166 -0.898524
v 0.003624 -0.022881 -0.898524
v 0.007159 -0.022033 -0.898524
v 0.010517 -0.020641 -0.898524
v 0.013617 -0.018742 -0.898524
v 0.016381 -0.016381 -0.898524
v 0.018742 -0.013617 -0.898524
v 0.020641 -0.010517 -0.898524
v 0.022033 -0.007159 -0.898524
v 0.022881 -0.003624 -0.898524
v 0.023166 0.000000 -0.898524
vt 0.181243 0.895217
vt 0.181113 0.895891
vt 0.234214 0.917352
vt 0.236390 0.906081
vt 0.180899 0.896531
vt 0.230648 0.928061
vt 0.180608 0.897122
vt 0.225779 0.937945
vt 0.180247 0.897649
vt 0.219727 0.946759
vt 0.179823 0.898099
vt 0.212642 0.954287
vt 0.179348 0.898461
vt 0.204696 0.960343
vt 0.178833 0.898726
vt 0.196087 0.964779
vt 0.178292 0.898888
vt 0.187026 0.967485
vt 0.177736 0.898942
vt 0.177736 0.968394
vt 0.177181 0.898888
vt 0.168446 0.967485
vt 0.176639 0.898726
vt 0.159385 0.964779
vt 0.176124 0.898461
vt 0.150776 0.960343
vt 0.175649 0.898099
vt 0.142831 0.954287
vt 0.175226 0.897649
vt 0.135745 0.946759
vt 0.174864 0.897122
vt 0.129693 0.937945
vt 0.174573 0.896531
vt 0.124824 0.928061
vt 0.174360 0.895891
vt 0.121258 0.917352
vt 0.174230 0.895217
vt 0.119083 0.906081
vt 0.174186 0.894526
vt 0.118352 0.894526
vt 0.174230 0.893835
vt 0.119083 0.882971
vt 0.174360 0.893161
vt 0.121258 0.871700
vt 0.174573 0.892521
vt 0.124824 0.860991
vt 0.174864 0.891930
vt 0.129693 0.851108
vt 0.175226 0.891403
vt 0.135745 0.842293
vt 0.175649 0.890953
vt 0.142831 0.834766
vt 0.176124 0.890591
vt 0.150776 0.828709
vt 0.176639 0.890326
vt 0.159385 0.824273
vt 0.177181 0.890164
vt 0.168446 0.821567
vt 0.177736 0.890110
vt 0.177736 0.820658
vt 0.178292 0.890164
vt 0.187026 0.821567
vt 0.178833 0.890326
vt 0.196087 0.824273
vt 0.179348 0.890591
vt 0.204696 0.828709
vt 0.179823 0.890953
vt 0.212641 0.834766
vt 0.180247 0.891403
vt 0.219727 0.842293
vt 0.180608 0.891930
vt 0.225779 0.851108
vt 0.180899 0.892521
vt 0.230648 0.860991
vt 0.181113 0.893161
vt 0.234214 0.871700
vt 0.181243 0.893835
vt 0.236390 0.882971
vt 0.181286 0.894526
vt 0.237121 0.894526
vt 0.180468 0.895630
vt 0.180573 0.895085
vt 0.177736 0.894526
vt 0.180295 0.896148
vt 0.180060 0.896626
vt 0.179767 0.897052
vt 0.179424 0.897416
vt 0.179040 0.897709
vt 0.178624 0.897924
vt 0.178185 0.898054
vt 0.177736 0.898098
vt 0.177287 0.898054
vt 0.176849 0.897924
vt 0.176432 0.897709
vt 0.176048 0.897416
vt 0.175705 0.897052
vt 0.175413 0.896626
vt 0.175177 0.896148
vt 0.175005 0.895630
vt 0.174900 0.895085
vt 0.174864 0.894526
vt 0.174900 0.893967
vt 0.175005 0.893422
vt 0.175177 0.892904
vt 0.175413 0.892426
vt 0.175705 0.892000
vt 0.176048 0.891636
vt 0.176432 0.891343
vt 0.176849 0.891129
vt 0.177287 0.890997
vt 0.177736 0.890954
vt 0.178185 0.890997
vt 0.178624 0.891129
vt 0.179040 0.891343
vt 0.179424 0.891636
vt 0.179767 0.892000
vt 0.180060 0.892426
vt 0.180295 0.892904
vt 0.180468 0.893422
vt 0.180573 0.893967
vt 0.180608 0.894526
vt 0.177736 0.894526
vt 0.180973 0.895164
vt 0.180853 0.895786
vt 0.180656 0.896377
vt 0.180387 0.896922
vt 0.180053 0.897408
vt 0.179662 0.897824
vt 0.179224 0.898158
vt 0.178749 0.898403
vt 0.178249 0.898552
vt 0.177736 0.898602
vt 0.177224 0.898552
vt 0.176724 0.898403
vt 0.176248 0.898158
vt 0.175810 0.897824
vt 0.175419 0.897408
vt 0.175085 0.896922
vt 0.174816 0.896377
vt 0.174620 0.895786
vt 0.174500 0.895164
vt 0.174459 0.894526
vt 0.174500 0.893888
vt 0.174620 0.893267
vt 0.174816 0.892675
vt 0.175085 0.892130
vt 0.175419 0.891644
vt 0.175810 0.891228
vt 0.176248 0.890894
vt 0.176724 0.890649
vt 0.177224 0.890500
vt 0.177736 0.890450
vt 0.178249 0.890500
vt 0.178749 0.890649
vt 0.179224 0.890894
vt 0.179662 0.891228
vt 0.180053 0.891644
vt 0.180387 0.892130
vt 0.180656 0.892675
vt 0.180853 0.893267
vt 0.180973 0.893888
vt 0.181013 0.894526
s 1
g pasted__pSphere1 group1 pasted__pCylinder28
usemtl blinn4SG
f 1125/1125 1126/1126 1166/1127 1165/1128
f 1126/1126 1127/1129 1167/1130 1166/1127
f 1127/1129 1128/1131 1168/1132 1167/1130
f 1128/1131 1129/1133 1169/1134 1168/1132
f 1129/1133 1130/1135 1170/1136 1169/1134
f 1130/1135 1131/1137 1171/1138 1170/1136
f 1131/1137 1132/1139 1172/1140 1171/1138
f 1132/1139 1133/1141 1173/1142 1172/1140
f 1133/1141 1134/1143 1174/1144 1173/1142
f 1134/1143 1135/1145 1175/1146 1174/1144
f 1135/1145 1136/1147 1176/1148 1175/1146
f 1136/1147 1137/1149 1177/1150 1176/1148
f 1137/1149 1138/1151 1178/1152 1177/1150
f 1138/1151 1139/1153 1179/1154 1178/1152
f 1139/1153 1140/1155 1180/1156 1179/1154
f 1140/1155 1141/1157 1181/1158 1180/1156
f 1141/1157 1142/1159 1182/1160 1181/1158
f 1142/1159 1143/1161 1183/1162 1182/1160
f 1143/1161 1144/1163 1184/1164 1183/1162
f 1144/1163 1145/1165 1185/1166 1184/1164
f 1145/1165 1146/1167 1186/1168 1185/1166
f 1146/1167 1147/1169 1187/1170 1186/1168
f 1147/1169 1148/1171 1188/1172 1187/1170
f 1148/1171 1149/1173 1189/1174 1188/1172
f 1149/1173 1150/1175 1190/1176 1189/1174
f 1150/1175 1151/1177 1191/1178 1190/1176
f 1151/1177 1152/1179 1192/1180 1191/1178
f 1152/1179 1153/1181 1193/1182 1192/1180
f 1153/1181 1154/1183 1194/1184 1193/1182
f 1154/1183 1155/1185 1195/1186 1194/1184
f 1155/1185 1156/1187 1196/1188 1195/1186
f 1156/1187 1157/1189 1197/1190 1196/1188
f 1157/1189 1158/1191 1198/1192 1197/1190
f 1158/1191 1159/1193 1199/1194 1198/1192
f 1159/1193 1160/1195 1200/1196 1199/1194
f 1160/1195 1161/1197 1201/1198 1200/1196
f 1161/1197 1162/1199 1202/1200 1201/1198
f 1162/1199 1163/1201 1203/1202 1202/1200
f 1163/1201 1164/1203 1204/1204 1203/1202
f 1164/1203 1125/1125 1165/1128 1204/1204
s 2
f 1247/1205 1246/1206 1248/1207
f 1249/1208 1247/1205 1248/1207
f 1250/1209 1249/1208 1248/1207
f 1251/1210 1250/1209 1248/1207
f 1252/1211 1251/1210 1248/1207
f 1253/1212 1252/1211 1248/1207
f 1254/1213 1253/1212 1248/1207
f 1255/1214 1254/1213 1248/1207
f 1256/1215 1255/1214 1248/1207
f 1257/1216 1256/1215 1248/1207
f 1258/1217 1257/1216 1248/1207
f 1259/1218 1258/1217 1248/1207
f 1260/1219 1259/1218 1248/1207
f 1261/1220 1260/1219 1248/1207
f 1262/1221 1261/1220 1248/1207
f 1263/1222 1262/1221 1248/1207
f 1264/1223 1263/1222 1248/1207
f 1265/1224 1264/1223 1248/1207
f 1266/1225 1265/1224 1248/1207
f 1267/1226 1266/1225 1248/1207
f 1268/1227 1267/1226 1248/1207
f 1269/1228 1268/1227 1248/1207
f 1270/1229 1269/1228 1248/1207
f 1271/1230 1270/1229 1248/1207
f 1272/1231 1271/1230 1248/1207
f 1273/1232 1272/1231 1248/1207
f 1274/1233 1273/1232 1248/1207
f 1275/1234 1274/1233 1248/1207
f 1276/1235 1275/1234 1248/1207
f 1277/1236 1276/1235 1248/1207
f 1278/1237 1277/1236 1248/1207
f 1279/1238 1278/1237 1248/1207
f 1280/1239 1279/1238 1248/1207
f 1281/1240 1280/1239 1248/1207
f 1282/1241 1281/1240 1248/1207
f 1283/1242 1282/1241 1248/1207
f 1284/1243 1283/1242 1248/1207
f 1285/1244 1284/1243 1248/1207
f 1286/1245 1285/1244 1248/1207
f 1246/1206 1286/1245 1248/1207
s 3
f 1165/1128 1166/1127 1205/1246
f 1166/1127 1167/1130 1205/1246
f 1167/1130 1168/1132 1205/1246
f 1168/1132 1169/1134 1205/1246
f 1169/1134 1170/1136 1205/1246
f 1170/1136 1171/1138 1205/1246
f 1171/1138 1172/1140 1205/1246
f 1172/1140 1173/1142 1205/1246
f 1173/1142 1174/1144 1205/1246
f 1174/1144 1175/1146 1205/1246
f 1175/1146 1176/1148 1205/1246
f 1176/1148 1177/1150 1205/1246
f 1177/1150 1178/1152 1205/1246
f 1178/1152 1179/1154 1205/1246
f 1179/1154 1180/1156 1205/1246
f 1180/1156 1181/1158 1205/1246
f 1181/1158 1182/1160 1205/1246
f 1182/1160 1183/1162 1205/1246
f 1183/1162 1184/1164 1205/1246
f 1184/1164 1185/1166 1205/1246
f 1185/1166 1186/1168 1205/1246
f 1186/1168 1187/1170 1205/1246
f 1187/1170 1188/1172 1205/1246
f 1188/1172 1189/1174 1205/1246
f 1189/1174 1190/1176 1205/1246
f 1190/1176 1191/1178 1205/1246
f 1191/1178 1192/1180 1205/1246
f 1192/1180 1193/1182 1205/1246
f 1193/1182 1194/1184 1205/1246
f 1194/1184 1195/1186 1205/1246
f 1195/1186 1196/1188 1205/1246
f 1196/1188 1197/1190 1205/1246
f 1197/1190 1198/1192 1205/1246
f 1198/1192 1199/1194 1205/1246
f 1199/1194 1200/1196 1205/1246
f 1200/1196 1201/1198 1205/1246
f 1201/1198 1202/1200 1205/1246
f 1202/1200 1203/1202 1205/1246
f 1203/1202 1204/1204 1205/1246
f 1204/1204 1165/1128 1205/1246
s off
f 1126/1126 1125/1125 1206/1247 1207/1248
f 1127/1129 1126/1126 1207/1248 1208/1249
f 1128/1131 1127/1129 1208/1249 1209/1250
f 1129/1133 1128/1131 1209/1250 1210/1251
f 1130/1135 1129/1133 1210/1251 1211/1252
f 1131/1137 1130/1135 1211/1252 1212/1253
f 1132/1139 1131/1137 1212/1253 1213/1254
f 1133/1141 1132/1139 1213/1254 1214/1255
f 1134/1143 1133/1141 1214/1255 1215/1256
f 1135/1145 1134/1143 1215/1256 1216/1257
f 1136/1147 1135/1145 1216/1257 1217/1258
f 1137/1149 1136/1147 1217/1258 1218/1259
f 1138/1151 1137/1149 1218/1259 1219/1260
f 1139/1153 1138/1151 1219/1260 1220/1261
f 1140/1155 1139/1153 1220/1261 1221/1262
f 1141/1157 1140/1155 1221/1262 1222/1263
f 1142/1159 1141/1157 1222/1263 1223/1264
f 1143/1161 1142/1159 1223/1264 1224/1265
f 1144/1163 1143/1161 1224/1265 1225/1266
f 1145/1165 1144/1163 1225/1266 1226/1267
f 1146/1167 1145/1165 1226/1267 1227/1268
f 1147/1169 1146/1167 1227/1268 1228/1269
f 1148/1171 1147/1169 1228/1269 1229/1270
f 1149/1173 1148/1171 1229/1270 1230/1271
f 1150/1175 1149/1173 1230/1271 1231/1272
f 1151/1177 1150/1175 1231/1272 1232/1273
f 1152/1179 1151/1177 1232/1273 1233/1274
f 1153/1181 1152/1179 1233/1274 1234/1275
f 1154/1183 1153/1181 1234/1275 1235/1276
f 1155/1185 1154/1183 1235/1276 1236/1277
f 1156/1187 1155/1185 1236/1277 1237/1278
f 1157/1189 1156/1187 1237/1278 1238/1279
f 1158/1191 1157/1189 1238/1279 1239/1280
f 1159/1193 1158/1191 1239/1280 1240/1281
f 1160/1195 1159/1193 1240/1281 1241/1282
f 1161/1197 1160/1195 1241/1282 1242/1283
f 1162/1199 1161/1197 1242/1283 1243/1284
f 1163/1201 1162/1199 1243/1284 1244/1285
f 1164/1203 1163/1201 1244/1285 1245/1286
f 1125/1125 1164/1203 1245/1286 1206/1247
f 1207/1248 1206/1247 1246/1206 1247/1205
f 1208/1249 1207/1248 1247/1205 1249/1208
f 1209/1250 1208/1249 1249/1208 1250/1209
f 1210/1251 1209/1250 1250/1209 1251/1210
f 1211/1252 1210/1251 1251/1210 1252/1211
f 1212/1253 1211/1252 1252/1211 1253/1212
f 1213/1254 1212/1253 1253/1212 1254/1213
f 1214/1255 1213/1254 1254/1213 1255/1214
f 1215/1256 1214/1255 1255/1214 1256/1215
f 1216/1257 1215/1256 1256/1215 1257/1216
f 1217/1258 1216/1257 1257/1216 1258/1217
f 1218/1259 1217/1258 1258/1217 1259/1218
f 1219/1260 1218/1259 1259/1218 1260/1219
f 1220/1261 1219/1260 1260/1219 1261/1220
f 1221/1262 1220/1261 1261/1220 1262/1221
f 1222/1263 1221/1262 1262/1221 1263/1222
f 1223/1264 1222/1263 1263/1222 1264/1223
f 1224/1265 1223/1264 1264/1223 1265/1224
f 1225/1266 1224/1265 1265/1224 1266/1225
f 1226/1267 1225/1266 1266/1225 1267/1226
f 1227/1268 1226/1267 1267/1226 1268/1227
f 1228/1269 1227/1268 1268/1227 1269/1228
f 1229/1270 1228/1269 1269/1228 1270/1229
f 1230/1271 1229/1270 1270/1229 1271/1230
f 1231/1272 1230/1271 1271/1230 1272/1231
f 1232/1273 1231/1272 1272/1231 1273/1232
f 1233/1274 1232/1273 1273/1232 1274/1233
f 1234/1275 1233/1274 1274/1233 1275/1234
f 1235/1276 1234/1275 1275/1234 1276/1235
f 1236/1277 1235/1276 1276/1235 1277/1236
f 1237/1278 1236/1277 1277/1236 1278/1237
f 1238/1279 1237/1278 1278/1237 1279/1238
f 1239/1280 1238/1279 1279/1238 1280/1239
f 1240/1281 1239/1280 1280/1239 1281/1240
f 1241/1282 1240/1281 1281/1240 1282/1241
f 1242/1283 1241/1282 1282/1241 1283/1242
f 1243/1284 1242/1283 1283/1242 1284/1243
f 1244/1285 1243/1284 1284/1243 1285/1244
f 1245/1286 1244/1285 1285/1244 1286/1245
f 1206/1247 1245/1286 1286/1245 1246/1206
g default
v 0.138586 -0.750212 -0.110770
v 0.117888 -0.747246 -0.151351
v 0.085651 -0.744892 -0.183555
v 0.045029 -0.743381 -0.204232
v 0.000000 -0.742860 -0.211357
v -0.045029 -0.743381 -0.204232
v -0.085651 -0.744892 -0.183555
v -0.117888 -0.747246 -0.151351
v -0.138586 -0.750212 -0.110770
v -0.145718 -0.753499 -0.065787
v -0.138586 -0.756787 -0.020803
v -0.117888 -0.759753 0.019777
v -0.085651 -0.762107 0.051982
v -0.045029 -0.763618 0.072658
v 0.000000 -0.764139 0.079783
v 0.045029 -0.763618 0.072658
v 0.085651 -0.762107 0.051982
v 0.117888 -0.759753 0.019777
v 0.138586 -0.756787 -0.020803
v 0.145718 -0.753499 -0.065787
v 0.273759 -0.703039 -0.153031
v 0.232873 -0.697180 -0.233192
v 0.169192 -0.692531 -0.296809
v 0.088950 -0.689545 -0.337653
v 0.000000 -0.688517 -0.351727
v -0.088950 -0.689545 -0.337653
v -0.169192 -0.692531 -0.296808
v -0.232873 -0.697180 -0.233192
v -0.273759 -0.703039 -0.153031
v -0.287847 -0.709533 -0.064171
v -0.273759 -0.716028 0.024688
v -0.232873 -0.721887 0.104849
v -0.169192 -0.726537 0.168465
v -0.088950 -0.729522 0.209310
v 0.000000 -0.730550 0.223384
v 0.088950 -0.729522 0.209310
v 0.169192 -0.726537 0.168465
v 0.232873 -0.721887 0.104849
v 0.273759 -0.716028 0.024688
v 0.287847 -0.709533 -0.064171
v 0.402191 -0.627920 -0.192071
v 0.342124 -0.619312 -0.309839
v 0.248568 -0.612481 -0.403301
v 0.130680 -0.608095 -0.463307
v 0.000000 -0.606584 -0.483983
v -0.130680 -0.608095 -0.463307
v -0.248568 -0.612481 -0.403301
v -0.342124 -0.619312 -0.309839
v -0.402191 -0.627920 -0.192071
v -0.422889 -0.637461 -0.061523
v -0.402191 -0.647002 0.069024
v -0.342124 -0.655610 0.186792
v -0.248568 -0.662441 0.280254
v -0.130680 -0.666827 0.340260
v -0.000000 -0.668338 0.360936
v 0.130680 -0.666827 0.340260
v 0.248568 -0.662441 0.280254
v 0.342124 -0.655610 0.186792
v 0.402191 -0.647002 0.069024
v 0.422889 -0.637461 -0.061523
v 0.520720 -0.526703 -0.226929
v 0.442951 -0.515559 -0.379404
v 0.321823 -0.506715 -0.500410
v 0.169192 -0.501036 -0.578100
v 0.000000 -0.499080 -0.604870
v -0.169192 -0.501036 -0.578100
v -0.321823 -0.506715 -0.500410
v -0.442951 -0.515559 -0.379404
v -0.520720 -0.526703 -0.226929
v -0.547517 -0.539056 -0.057908
v -0.520720 -0.551410 0.111113
v -0.442951 -0.562554 0.263588
v -0.321823 -0.571398 0.384594
v -0.169192 -0.577076 0.462284
v -0.000000 -0.579032 0.489054
v 0.169192 -0.577076 0.462284
v 0.321823 -0.571398 0.384594
v 0.442951 -0.562554 0.263588
v 0.520720 -0.551410 0.111113
v 0.547517 -0.539056 -0.057908
v 0.000000 -0.768276 -0.066330
v 0.138586 -0.680926 -0.108225
v 0.117888 -0.677960 -0.148805
v 0.232873 -0.627895 -0.230647
v 0.273759 -0.633753 -0.150485
v 0.085651 -0.675606 -0.181010
v 0.169192 -0.623245 -0.294263
v 0.045029 -0.674095 -0.201686
v 0.088950 -0.620260 -0.335107
v 0.000000 -0.673574 -0.208811
v 0.000000 -0.619231 -0.349181
v -0.045029 -0.674095 -0.201686
v -0.088950 -0.620260 -0.335107
v -0.085651 -0.675606 -0.181010
v -0.169192 -0.623245 -0.294263
v -0.117888 -0.677960 -0.148805
v -0.232873 -0.627895 -0.230647
v -0.138586 -0.680926 -0.108225
v -0.273759 -0.633753 -0.150485
v -0.145718 -0.684214 -0.063241
v -0.287847 -0.640248 -0.061626
v -0.138586 -0.687502 -0.018258
v -0.273759 -0.646743 0.027234
v -0.117888 -0.690467 0.022323
v -0.232873 -0.652601 0.107395
v -0.085651 -0.692821 0.054527
v -0.169192 -0.657251 0.171011
v -0.045029 -0.694333 0.075204
v -0.088950 -0.660236 0.211855
v 0.000000 -0.694853 0.082329
v 0.000000 -0.661265 0.225929
v 0.045029 -0.694333 0.075204
v 0.088950 -0.660236 0.211855
v 0.085651 -0.692821 0.054527
v 0.169192 -0.657251 0.171011
v 0.117888 -0.690467 0.022323
v 0.232873 -0.652601 0.107395
v 0.138586 -0.687502 -0.018258
v 0.273759 -0.646743 0.027234
v 0.145718 -0.684214 -0.063241
v 0.287847 -0.640248 -0.061626
v 0.342124 -0.550026 -0.307294
v 0.402191 -0.558634 -0.189525
v 0.248568 -0.543196 -0.400755
v 0.130680 -0.538810 -0.460761
v 0.000000 -0.537299 -0.481438
v -0.130680 -0.538810 -0.460761
v -0.248568 -0.543196 -0.400755
v -0.342124 -0.550026 -0.307294
v -0.402191 -0.558634 -0.189525
v -0.422889 -0.568175 -0.058978
v -0.402191 -0.577717 0.071569
v -0.342124 -0.586324 0.189338
v -0.248568 -0.593155 0.282799
v -0.130680 -0.597541 0.342805
v -0.000000 -0.599052 0.363482
v 0.130680 -0.597541 0.342805
v 0.248568 -0.593155 0.282799
v 0.342124 -0.586324 0.189338
v 0.402191 -0.577717 0.071569
v 0.422889 -0.568175 -0.058978
v 0.442951 -0.446273 -0.376859
v 0.520720 -0.457417 -0.224383
v 0.321823 -0.437429 -0.497864
v 0.169192 -0.431751 -0.575555
v 0.000000 -0.429794 -0.602325
v -0.169192 -0.431751 -0.575555
v -0.321823 -0.437429 -0.497864
v -0.442951 -0.446273 -0.376859
v -0.520720 -0.457417 -0.224383
v -0.547517 -0.469771 -0.055362
v -0.520720 -0.482124 0.113658
v -0.442951 -0.493268 0.266134
v -0.321823 -0.502112 0.387139
v -0.169192 -0.507791 0.464830
v -0.000000 -0.509747 0.491600
v 0.169192 -0.507791 0.464830
v 0.321823 -0.502112 0.387139
v 0.442951 -0.493268 0.266134
v 0.520720 -0.482124 0.113658
v 0.547517 -0.469771 -0.055362
v 0.000000 -0.698990 -0.063784
vt 0.602986 0.540645
vt 0.587605 0.570727
vt 0.673053 0.630809
vt 0.703436 0.571386
vt 0.563649 0.594601
vt 0.625730 0.677968
vt 0.533462 0.609928
vt 0.566100 0.708246
vt 0.500000 0.615210
vt 0.500000 0.718679
vt 0.466538 0.609928
vt 0.433900 0.708246
vt 0.436351 0.594601
vt 0.374270 0.677968
vt 0.412395 0.570727
vt 0.326947 0.630809
vt 0.397014 0.540645
vt 0.296565 0.571386
vt 0.391714 0.507298
vt 0.286095 0.505514
vt 0.397014 0.473952
vt 0.296565 0.439642
vt 0.412395 0.443870
vt 0.326947 0.380218
vt 0.436351 0.419996
vt 0.374270 0.333059
vt 0.466538 0.404669
vt 0.433900 0.302781
vt 0.500000 0.399387
vt 0.500000 0.292348
vt 0.533462 0.404669
vt 0.566100 0.302781
vt 0.563649 0.419996
vt 0.625730 0.333059
vt 0.587605 0.443870
vt 0.673053 0.380218
vt 0.602986 0.473952
vt 0.703435 0.439642
vt 0.608286 0.507298
vt 0.713905 0.505514
vt 0.754239 0.686665
vt 0.798876 0.599363
vt 0.684716 0.755949
vt 0.597111 0.800431
vt 0.500000 0.815759
vt 0.402889 0.800431
vt 0.315284 0.755949
vt 0.245761 0.686665
vt 0.201124 0.599363
vt 0.185743 0.502588
vt 0.201124 0.405813
vt 0.245761 0.318511
vt 0.315284 0.249228
vt 0.402889 0.204745
vt 0.500000 0.189418
vt 0.597111 0.204745
vt 0.684716 0.249228
vt 0.754239 0.318511
vt 0.798876 0.405813
vt 0.814257 0.502588
vt 0.829166 0.736920
vt 0.886957 0.623889
vt 0.739153 0.826622
vt 0.625730 0.884213
vt 0.500000 0.904058
vt 0.374270 0.884213
vt 0.260847 0.826621
vt 0.170834 0.736920
vt 0.113043 0.623889
vt 0.093129 0.498594
vt 0.113043 0.373298
vt 0.170834 0.260268
vt 0.260847 0.170566
vt 0.374270 0.112974
vt 0.500000 0.093129
vt 0.625730 0.112974
vt 0.739153 0.170566
vt 0.829165 0.260268
vt 0.886957 0.373298
vt 0.906871 0.498594
vt 0.500000 0.507898
vt 0.602986 0.543457
vt 0.703436 0.574198
vt 0.673053 0.633622
vt 0.587605 0.573540
vt 0.625730 0.680781
vt 0.563649 0.597413
vt 0.566100 0.711059
vt 0.533462 0.612741
vt 0.500000 0.721492
vt 0.500000 0.618022
vt 0.433900 0.711059
vt 0.466538 0.612741
vt 0.374270 0.680781
vt 0.436351 0.597413
vt 0.326947 0.633622
vt 0.412395 0.573540
vt 0.296565 0.574198
vt 0.397014 0.543457
vt 0.286095 0.508326
vt 0.391714 0.510111
vt 0.296565 0.442455
vt 0.397014 0.476765
vt 0.326947 0.383031
vt 0.412395 0.446682
vt 0.374270 0.335872
vt 0.436351 0.422809
vt 0.433900 0.305594
vt 0.466538 0.407481
vt 0.500000 0.295161
vt 0.500000 0.402200
vt 0.566100 0.305594
vt 0.533462 0.407481
vt 0.625730 0.335872
vt 0.563649 0.422809
vt 0.673053 0.383031
vt 0.587605 0.446682
vt 0.703435 0.442455
vt 0.602986 0.476765
vt 0.713905 0.508326
vt 0.608286 0.510111
vt 0.798876 0.602176
vt 0.754239 0.689478
vt 0.684716 0.758761
vt 0.597111 0.803244
vt 0.500000 0.818571
vt 0.402889 0.803244
vt 0.315284 0.758761
vt 0.245761 0.689478
vt 0.201124 0.602176
vt 0.185743 0.505401
vt 0.201124 0.408626
vt 0.245761 0.321324
vt 0.315284 0.252040
vt 0.402889 0.207558
vt 0.500000 0.192230
vt 0.597111 0.207558
vt 0.684716 0.252040
vt 0.754239 0.321324
vt 0.798876 0.408626
vt 0.814257 0.505401
vt 0.886957 0.626702
vt 0.829166 0.739732
vt 0.739153 0.829434
vt 0.625730 0.887026
vt 0.500000 0.906871
vt 0.374270 0.887026
vt 0.260847 0.829434
vt 0.170834 0.739732
vt 0.113043 0.626702
vt 0.093129 0.501406
vt 0.113043 0.376111
vt 0.170834 0.263080
vt 0.260847 0.173378
vt 0.374270 0.115786
vt 0.500000 0.095942
vt 0.625730 0.115786
vt 0.739153 0.173378
vt 0.829165 0.263080
vt 0.886957 0.376111
vt 0.906871 0.501406
vt 0.500000 0.510711
s 1
g pasted__pSphere1 group1 pasted__pSphere3
usemtl pasted__blinn14SG1
f 1368/1287 1369/1288 1370/1289 1371/1290
f 1369/1288 1372/1291 1373/1292 1370/1289
f 1372/1291 1374/1293 1375/1294 1373/1292
f 1374/1293 1376/1295 1377/1296 1375/1294
f 1376/1295 1378/1297 1379/1298 1377/1296
f 1378/1297 1380/1299 1381/1300 1379/1298
f 1380/1299 1382/1301 1383/1302 1381/1300
f 1382/1301 1384/1303 1385/1304 1383/1302
f 1384/1303 1386/1305 1387/1306 1385/1304
f 1386/1305 1388/1307 1389/1308 1387/1306
f 1388/1307 1390/1309 1391/1310 1389/1308
f 1390/1309 1392/1311 1393/1312 1391/1310
f 1392/1311 1394/1313 1395/1314 1393/1312
f 1394/1313 1396/1315 1397/1316 1395/1314
f 1396/1315 1398/1317 1399/1318 1397/1316
f 1398/1317 1400/1319 1401/1320 1399/1318
f 1400/1319 1402/1321 1403/1322 1401/1320
f 1402/1321 1404/1323 1405/1324 1403/1322
f 1404/1323 1406/1325 1407/1326 1405/1324
f 1406/1325 1368/1287 1371/1290 1407/1326
f 1371/1290 1370/1289 1408/1327 1409/1328
f 1370/1289 1373/1292 1410/1329 1408/1327
f 1373/1292 1375/1294 1411/1330 1410/1329
f 1375/1294 1377/1296 1412/1331 1411/1330
f 1377/1296 1379/1298 1413/1332 1412/1331
f 1379/1298 1381/1300 1414/1333 1413/1332
f 1381/1300 1383/1302 1415/1334 1414/1333
f 1383/1302 1385/1304 1416/1335 1415/1334
f 1385/1304 1387/1306 1417/1336 1416/1335
f 1387/1306 1389/1308 1418/1337 1417/1336
f 1389/1308 1391/1310 1419/1338 1418/1337
f 1391/1310 1393/1312 1420/1339 1419/1338
f 1393/1312 1395/1314 1421/1340 1420/1339
f 1395/1314 1397/1316 1422/1341 1421/1340
f 1397/1316 1399/1318 1423/1342 1422/1341
f 1399/1318 1401/1320 1424/1343 1423/1342
f 1401/1320 1403/1322 1425/1344 1424/1343
f 1403/1322 1405/1324 1426/1345 1425/1344
f 1405/1324 1407/1326 1427/1346 1426/1345
f 1407/1326 1371/1290 1409/1328 1427/1346
f 1409/1328 1408/1327 1428/1347 1429/1348
f 1408/1327 1410/1329 1430/1349 1428/1347
f 1410/1329 1411/1330 1431/1350 1430/1349
f 1411/1330 1412/1331 1432/1351 1431/1350
f 1412/1331 1413/1332 1433/1352 1432/1351
f 1413/1332 1414/1333 1434/1353 1433/1352
f 1414/1333 1415/1334 1435/1354 1434/1353
f 1415/1334 1416/1335 1436/1355 1435/1354
f 1416/1335 1417/1336 1437/1356 1436/1355
f 1417/1336 1418/1337 1438/1357 1437/1356
f 1418/1337 1419/1338 1439/1358 1438/1357
f 1419/1338 1420/1339 1440/1359 1439/1358
f 1420/1339 1421/1340 1441/1360 1440/1359
f 1421/1340 1422/1341 1442/1361 1441/1360
f 1422/1341 1423/1342 1443/1362 1442/1361
f 1423/1342 1424/1343 1444/1363 1443/1362
f 1424/1343 1425/1344 1445/1364 1444/1363
f 1425/1344 1426/1345 1446/1365 1445/1364
f 1426/1345 1427/1346 1447/1366 1446/1365
f 1427/1346 1409/1328 1429/1348 1447/1366
f 1369/1288 1368/1287 1448/1367
f 1372/1291 1369/1288 1448/1367
f 1374/1293 1372/1291 1448/1367
f 1376/1295 1374/1293 1448/1367
f 1378/1297 1376/1295 1448/1367
f 1380/1299 1378/1297 1448/1367
f 1382/1301 1380/1299 1448/1367
f 1384/1303 1382/1301 1448/1367
f 1386/1305 1384/1303 1448/1367
f 1388/1307 1386/1305 1448/1367
f 1390/1309 1388/1307 1448/1367
f 1392/1311 1390/1309 1448/1367
f 1394/1313 1392/1311 1448/1367
f 1396/1315 1394/1313 1448/1367
f 1398/1317 1396/1315 1448/1367
f 1400/1319 1398/1317 1448/1367
f 1402/1321 1400/1319 1448/1367
f 1404/1323 1402/1321 1448/1367
f 1406/1325 1404/1323 1448/1367
f 1368/1287 1406/1325 1448/1367
s 2
f 1287/1368 1307/1369 1308/1370 1288/1371
f 1288/1371 1308/1370 1309/1372 1289/1373
f 1289/1373 1309/1372 1310/1374 1290/1375
f 1290/1375 1310/1374 1311/1376 1291/1377
f 1291/1377 1311/1376 1312/1378 1292/1379
f 1292/1379 1312/1378 1313/1380 1293/1381
f 1293/1381 1313/1380 1314/1382 1294/1383
f 1294/1383 1314/1382 1315/1384 1295/1385
f 1295/1385 1315/1384 1316/1386 1296/1387
f 1296/1387 1316/1386 1317/1388 1297/1389
f 1297/1389 1317/1388 1318/1390 1298/1391
f 1298/1391 1318/1390 1319/1392 1299/1393
f 1299/1393 1319/1392 1320/1394 1300/1395
f 1300/1395 1320/1394 1321/1396 1301/1397
f 1301/1397 1321/1396 1322/1398 1302/1399
f 1302/1399 1322/1398 1323/1400 1303/1401
f 1303/1401 1323/1400 1324/1402 1304/1403
f 1304/1403 1324/1402 1325/1404 1305/1405
f 1305/1405 1325/1404 1326/1406 1306/1407
f 1306/1407 1326/1406 1307/1369 1287/1368
f 1307/1369 1327/1408 1328/1409 1308/1370
f 1308/1370 1328/1409 1329/1410 1309/1372
f 1309/1372 1329/1410 1330/1411 1310/1374
f 1310/1374 1330/1411 1331/1412 1311/1376
f 1311/1376 1331/1412 1332/1413 1312/1378
f 1312/1378 1332/1413 1333/1414 1313/1380
f 1313/1380 1333/1414 1334/1415 1314/1382
f 1314/1382 1334/1415 1335/1416 1315/1384
f 1315/1384 1335/1416 1336/1417 1316/1386
f 1316/1386 1336/1417 1337/1418 1317/1388
f 1317/1388 1337/1418 1338/1419 1318/1390
f 1318/1390 1338/1419 1339/1420 1319/1392
f 1319/1392 1339/1420 1340/1421 1320/1394
f 1320/1394 1340/1421 1341/1422 1321/1396
f 1321/1396 1341/1422 1342/1423 1322/1398
f 1322/1398 1342/1423 1343/1424 1323/1400
f 1323/1400 1343/1424 1344/1425 1324/1402
f 1324/1402 1344/1425 1345/1426 1325/1404
f 1325/1404 1345/1426 1346/1427 1326/1406
f 1326/1406 1346/1427 1327/1408 1307/1369
f 1327/1408 1347/1428 1348/1429 1328/1409
f 1328/1409 1348/1429 1349/1430 1329/1410
f 1329/1410 1349/1430 1350/1431 1330/1411
f 1330/1411 1350/1431 1351/1432 1331/1412
f 1331/1412 1351/1432 1352/1433 1332/1413
f 1332/1413 1352/1433 1353/1434 1333/1414
f 1333/1414 1353/1434 1354/1435 1334/1415
f 1334/1415 1354/1435 1355/1436 1335/1416
f 1335/1416 1355/1436 1356/1437 1336/1417
f 1336/1417 1356/1437 1357/1438 1337/1418
f 1337/1418 1357/1438 1358/1439 1338/1419
f 1338/1419 1358/1439 1359/1440 1339/1420
f 1339/1420 1359/1440 1360/1441 1340/1421
f 1340/1421 1360/1441 1361/1442 1341/1422
f 1341/1422 1361/1442 1362/1443 1342/1423
f 1342/1423 1362/1443 1363/1444 1343/1424
f 1343/1424 1363/1444 1364/1445 1344/1425
f 1344/1425 1364/1445 1365/1446 1345/1426
f 1345/1426 1365/1446 1366/1447 1346/1427
f 1346/1427 1366/1447 1347/1428 1327/1408
f 1288/1371 1367/1448 1287/1368
f 1289/1373 1367/1448 1288/1371
f 1290/1375 1367/1448 1289/1373
f 1291/1377 1367/1448 1290/1375
f 1292/1379 1367/1448 1291/1377
f 1293/1381 1367/1448 1292/1379
f 1294/1383 1367/1448 1293/1381
f 1295/1385 1367/1448 1294/1383
f 1296/1387 1367/1448 1295/1385
f 1297/1389 1367/1448 1296/1387
f 1298/1391 1367/1448 1297/1389
f 1299/1393 1367/1448 1298/1391
f 1300/1395 1367/1448 1299/1393
f 1301/1397 1367/1448 1300/1395
f 1302/1399 1367/1448 1301/1397
f 1303/1401 1367/1448 1302/1399
f 1304/1403 1367/1448 1303/1401
f 1305/1405 1367/1448 1304/1403
f 1306/1407 1367/1448 1305/1405
f 1287/1368 1367/1448 1306/1407
s off
f 1348/1429 1347/1428 1429/1348 1428/1347
f 1349/1430 1348/1429 1428/1347 1430/1349
f 1350/1431 1349/1430 1430/1349 1431/1350
f 1351/1432 1350/1431 1431/1350 1432/1351
f 1352/1433 1351/1432 1432/1351 1433/1352
f 1353/1434 1352/1433 1433/1352 1434/1353
f 1354/1435 1353/1434 1434/1353 1435/1354
f 1355/1436 1354/1435 1435/1354 1436/1355
f 1356/1437 1355/1436 1436/1355 1437/1356
f 1357/1438 1356/1437 1437/1356 1438/1357
f 1358/1439 1357/1438 1438/1357 1439/1358
f 1359/1440 1358/1439 1439/1358 1440/1359
f 1360/1441 1359/1440 1440/1359 1441/1360
f 1361/1442 1360/1441 1441/1360 1442/1361
f 1362/1443 1361/1442 1442/1361 1443/1362
f 1363/1444 1362/1443 1443/1362 1444/1363
f 1364/1445 1363/1444 1444/1363 1445/1364
f 1365/1446 1364/1445 1445/1364 1446/1365
f 1366/1447 1365/1446 1446/1365 1447/1366
f 1347/1428 1366/1447 1447/1366 1429/1348
g default
v 0.230283 0.535160 -0.118256
v 0.230283 -0.000000 -0.226597
v 0.230283 -0.535160 -0.118256
v 0.230283 0.535160 -0.039419
v 0.230283 -0.000000 -0.075532
v 0.230283 -0.535160 -0.039419
v 0.230283 0.535160 0.039419
v 0.230283 -0.000000 0.075532
v 0.230283 -0.535160 0.039419
v 0.230283 0.535160 0.118256
v 0.230283 -0.000000 0.226597
v 0.230283 -0.535160 0.118256
v 1.600689 0.227850 0.082820
v 1.600689 -0.000000 0.158695
v 1.600689 -0.227850 0.082820
v 1.600689 0.227850 0.027607
v 1.600689 -0.000000 0.052898
v 1.600689 -0.227850 0.027607
v 1.600689 0.227850 -0.027607
v 1.600689 -0.000000 -0.052898
v 1.600689 -0.227850 -0.027607
v 1.600689 0.227850 -0.082820
v 1.600689 -0.000000 -0.158695
v 1.600689 -0.227850 -0.082820
v 0.230283 0.168906 0.192402
v 0.230283 -0.175763 0.191014
v 1.245108 0.051011 0.162423
v 1.245108 0.307588 0.092015
v 1.245108 0.307588 0.030672
v 1.245108 0.307588 -0.030672
v 1.245108 0.307588 -0.092015
v 1.245108 -0.000000 -0.176314
v 1.245108 -0.307588 -0.092015
v 1.245108 -0.307588 -0.030672
v 1.245108 -0.307588 0.030672
v 1.245108 -0.307588 0.092015
v 1.245108 -0.060635 0.159774
v 0.869659 0.123653 0.165503
v 0.869659 0.391782 0.101723
v 0.869659 0.391782 0.033908
v 0.869659 0.391782 -0.033908
v 0.869659 0.391782 -0.101723
v 0.869659 -0.000000 -0.194917
v 0.869659 -0.391782 -0.101723
v 0.869659 -0.391782 -0.033908
v 0.869659 -0.391782 0.033908
v 0.869659 -0.391782 0.101723
v 0.869659 -0.128673 0.164309
v 0.869659 -0.000000 0.194917
v 1.245108 -0.000107 0.174448
v 1.245108 -0.060635 0.068781
v 1.245108 -0.000000 0.085320
v 1.245108 -0.000000 0.085320
v 1.245108 0.051011 0.071430
v 0.869659 -0.128673 0.073315
v 0.869659 -0.000000 0.103923
v 0.869659 0.123653 0.074509
vt 0.406560 0.462961
vt 0.406560 0.445402
vt 0.410101 0.462732
vt 0.406560 0.479834
vt 0.786345 0.779444
vt 0.752532 0.612423
vt 0.799679 0.612423
vt 0.810950 0.779444
vt 0.786345 0.445402
vt 0.810950 0.445402
vt 0.846825 0.612423
vt 0.835554 0.779444
vt 0.835554 0.445402
vt 0.883300 0.665138
vt 0.860159 0.779444
vt 0.882867 0.557568
vt 0.860159 0.445402
vt 0.893972 0.612423
vt 0.672225 0.587624
vt 0.648545 0.516513
vt 0.681563 0.516513
vt 0.689457 0.587624
vt 0.672225 0.445402
vt 0.689457 0.445402
vt 0.714582 0.516513
vt 0.706688 0.587624
vt 0.706688 0.445402
vt 0.747601 0.516513
vt 0.723920 0.587624
vt 0.723920 0.445402
vt 0.443431 0.445402
vt 0.448011 0.464293
vt 0.420194 0.464326
vt 0.415033 0.445402
vt 0.444258 0.480246
vt 0.415859 0.480246
vt 0.452943 0.485560
vt 0.462495 0.445402
vt 0.490894 0.445402
vt 0.481341 0.485560
vt 0.462122 0.524152
vt 0.490521 0.524152
vt 0.852162 0.442194
vt 0.857322 0.242648
vt 0.878487 0.242648
vt 0.876767 0.442194
vt 0.860352 0.125472
vt 0.879497 0.125472
vt 0.899652 0.242648
vt 0.901372 0.442194
vt 0.880453 0.014497
vt 0.863221 0.014497
vt 0.898642 0.125472
vt 0.920816 0.242648
vt 0.925976 0.442194
vt 0.897685 0.014497
vt 0.917787 0.125472
vt 0.914917 0.014497
vt 0.967558 0.673553
vt 0.972718 0.873100
vt 0.948113 0.873100
vt 0.946393 0.673553
vt 0.923508 0.873100
vt 0.925228 0.673553
vt 0.964528 0.556377
vt 0.945383 0.556377
vt 0.898903 0.873100
vt 0.904063 0.673553
vt 0.926238 0.556377
vt 0.961658 0.445402
vt 0.944427 0.445402
vt 0.907093 0.556377
vt 0.927195 0.445402
vt 0.909963 0.445402
vt 0.530117 0.562578
vt 0.531532 0.445402
vt 0.559931 0.445402
vt 0.558516 0.562578
vt 0.524224 0.445402
vt 0.525185 0.562578
vt 0.496787 0.562578
vt 0.495825 0.445402
vt 0.506126 0.442194
vt 0.391820 0.442194
vt 0.377697 0.242648
vt 0.461379 0.242648
vt 0.339105 0.442194
vt 0.339105 0.242648
vt 0.355025 0.125472
vt 0.435102 0.125472
vt 0.284251 0.442194
vt 0.298947 0.242648
vt 0.339072 0.125472
vt 0.339105 0.014497
vt 0.410216 0.014497
vt 0.172085 0.442194
vt 0.216832 0.242648
vt 0.320181 0.125472
vt 0.243109 0.125472
vt 0.267994 0.014497
vt 0.556949 0.242648
vt 0.679222 0.242648
vt 0.679222 0.442194
vt 0.512202 0.442194
vt 0.583226 0.125472
vt 0.679222 0.125472
vt 0.801496 0.242648
vt 0.846243 0.442194
vt 0.679222 0.014497
vt 0.608111 0.014497
vt 0.775219 0.125472
vt 0.750333 0.014497
vt 0.605021 0.562578
vt 0.564863 0.562578
vt 0.586097 0.445402
vt 0.605021 0.445402
vt 0.643613 0.562578
vt 0.620941 0.445402
s 1
g pasted__pSphere1 group1 pCube70 pCube76
usemtl blinn5SG
f 1449/1453 1450/1454 1453/1455 1452/1456
f 1452/1456 1453/1455 1456/1459 1455/1460
f 1455/1460 1456/1459 1473/1462 1458/1463
f 1456/1459 1474/1464 1459/1466
s 3
f 1458/1531 1473/1532 1486/1533 1487/1534
f 1459/1535 1474/1539 1496/1540 1497/1536
s 5
f 1461/1467 1462/1468 1465/1469 1464/1470
f 1464/1470 1465/1469 1468/1473 1467/1474
f 1467/1474 1468/1473 1471/1476 1470/1477
s 6
f 1490/1549 1491/1550 1450/1551 1449/1552
s 7
f 1451/1491 1492/1492 1493/1493 1454/1494
f 1454/1494 1493/1493 1494/1497 1457/1498
f 1457/1498 1494/1497 1495/1502 1460/1503
s 8
f 1490/1507 1449/1508 1452/1509 1489/1510
f 1489/1510 1452/1509 1455/1511 1488/1512
f 1488/1512 1455/1511 1458/1515 1487/1516
s 3
f 1473/1532 1459/1535 1497/1536 1486/1533
s 1
f 1473/1462 1456/1459 1459/1466
s 3
f 1474/1539 1460/1544 1495/1545 1496/1540
s 5
f 1465/1469 1462/1468 1463/1471 1466/1472
f 1468/1473 1465/1469 1466/1472 1469/1475
f 1471/1476 1468/1473 1469/1475 1472/1478
s 6
f 1450/1551 1491/1550 1492/1555 1451/1556
s 1
f 1453/1455 1450/1454 1451/1457 1454/1458
f 1456/1459 1453/1455 1454/1458 1457/1461
f 1474/1464 1456/1459 1457/1461 1460/1465
s 3
f 1476/1538 1475/1537 1498/1541 1462/1542 1461/1543
s 8
f 1464/1521 1477/1517 1476/1520 1461/1522
f 1467/1519 1478/1514 1477/1517 1464/1521
f 1470/1518 1479/1513 1478/1514 1467/1519
s 6
f 1471/1557 1480/1554 1479/1553 1470/1558
f 1472/1560 1481/1559 1480/1554 1471/1557
s 7
f 1469/1499 1482/1496 1481/1495 1472/1500
f 1466/1504 1483/1501 1482/1496 1469/1499
f 1484/1505 1483/1501 1466/1504 1463/1506
s 3
f 1498/1541 1485/1546 1484/1547 1463/1548 1462/1542
s 12
f 1500/1449 1499/1450 1501/1451
f 1502/1452 1500/1449 1501/1451
s 3
f 1487/1534 1486/1533 1475/1537 1476/1538
s 8
f 1477/1517 1488/1512 1487/1516 1476/1520
f 1478/1514 1489/1510 1488/1512 1477/1517
f 1479/1513 1490/1507 1489/1510 1478/1514
s 6
f 1479/1553 1480/1554 1491/1550 1490/1549
f 1492/1555 1491/1550 1480/1554 1481/1559
s 7
f 1493/1493 1492/1492 1481/1495 1482/1496
f 1494/1497 1493/1493 1482/1496 1483/1501
f 1495/1502 1494/1497 1483/1501 1484/1505
s 3
f 1496/1540 1495/1545 1484/1547 1485/1546
s 12
f 1504/1561 1503/1562 1499/1563 1500/1564
f 1505/1565 1504/1561 1500/1564 1502/1566
s off
f 1485/1479 1498/1480 1501/1481 1499/1482
f 1498/1480 1475/1483 1502/1484 1501/1481
f 1497/1485 1496/1486 1503/1487 1504/1488
f 1496/1523 1485/1524 1499/1525 1503/1526
f 1486/1489 1497/1485 1504/1488 1505/1490
f 1475/1527 1486/1528 1505/1529 1502/1530
g default
v 0.000000 0.146077 0.752403
v 0.103292 0.103292 0.752403
v 0.146077 -0.000000 0.752403
v 0.103292 -0.103292 0.752403
v -0.000000 -0.146077 0.752403
v -0.103292 -0.103292 0.752403
v -0.146077 -0.000000 0.752403
v -0.103292 0.103292 0.752403
v 0.000000 0.146077 0.716862
v 0.103292 0.103292 0.716862
v 0.146077 -0.000000 0.716862
v 0.103292 -0.103292 0.716862
v -0.000000 -0.146077 0.716862
v -0.103292 -0.103292 0.716862
v -0.146077 -0.000000 0.716862
v -0.103292 0.103292 0.716862
v 0.000000 0.174415 0.716862
v 0.123330 0.123330 0.716862
v 0.174415 -0.000000 0.716862
v 0.123330 -0.123330 0.716862
v -0.000000 -0.174415 0.716862
v -0.123330 -0.123330 0.716862
v -0.174415 -0.000000 0.716862
v -0.123330 0.123330 0.716862
v 0.000000 0.174415 0.752403
v 0.123330 0.123330 0.752403
v 0.174415 -0.000000 0.752403
v 0.123330 -0.123330 0.752403
v -0.000000 -0.174415 0.752403
v -0.123330 -0.123330 0.752403
v -0.174415 -0.000000 0.752403
v -0.123330 0.123330 0.752403
vt 0.046815 0.895225
vt 0.046815 0.857629
vt 0.059750 0.857629
vt 0.059750 0.895225
vt 0.046815 0.932821
vt 0.059751 0.932821
vt 0.030881 0.895225
vt 0.030880 0.932821
vt 0.017945 0.932821
vt 0.017945 0.895225
vt 0.030881 0.857629
vt 0.017945 0.857629
vt 0.104555 0.902518
vt 0.104555 0.857629
vt 0.117491 0.857629
vt 0.117491 0.902518
vt 0.104555 0.947407
vt 0.117491 0.947407
vt 0.088621 0.902518
vt 0.088621 0.947407
vt 0.075685 0.947407
vt 0.075685 0.902518
vt 0.088621 0.857629
vt 0.075685 0.857629
vt 0.061250 0.932821
vt 0.061250 0.895225
vt 0.074186 0.895225
vt 0.074186 0.932821
vt 0.061250 0.857629
vt 0.074186 0.857629
vt 0.045316 0.895225
vt 0.045316 0.932821
vt 0.032380 0.932821
vt 0.032380 0.895225
vt 0.045316 0.857629
vt 0.032380 0.857629
vt 0.118990 0.947407
vt 0.118990 0.902518
vt 0.131926 0.902518
vt 0.131926 0.947407
vt 0.118990 0.857629
vt 0.131926 0.857629
vt 0.103056 0.902518
vt 0.103056 0.947407
vt 0.090120 0.947407
vt 0.090120 0.902518
vt 0.103056 0.857629
vt 0.090120 0.857629
vt 0.118116 0.830767
vt 0.133689 0.793171
vt 0.144003 0.793171
vt 0.125409 0.838060
vt 0.118116 0.755575
vt 0.125409 0.748282
vt 0.080520 0.846340
vt 0.080520 0.856654
vt 0.080520 0.740003
vt 0.080520 0.729688
vt 0.042924 0.830767
vt 0.035631 0.838060
vt 0.042924 0.755575
vt 0.035631 0.748282
vt 0.027352 0.793171
vt 0.017037 0.793171
vt 0.152018 0.966001
vt 0.133425 0.921112
vt 0.143739 0.921112
vt 0.159312 0.958708
vt 0.152018 0.876223
vt 0.159312 0.883516
vt 0.196907 0.984595
vt 0.196907 0.974280
vt 0.196907 0.857629
vt 0.196907 0.867943
vt 0.241797 0.966001
vt 0.234503 0.958708
vt 0.241797 0.876223
vt 0.234503 0.883516
vt 0.260390 0.921112
vt 0.250076 0.921112
s off
g pasted__pSphere1 group1 pPipe1
usemtl pasted__blinn12SG1
f 1507/1591 1506/1592 1514/1593 1515/1594
f 1508/1567 1507/1568 1515/1569 1516/1570
f 1509/1571 1508/1567 1516/1570 1517/1572
f 1510/1597 1509/1598 1517/1599 1518/1600
f 1511/1601 1510/1597 1518/1600 1519/1602
f 1512/1573 1511/1574 1519/1575 1520/1576
f 1513/1577 1512/1573 1520/1576 1521/1578
f 1506/1592 1513/1595 1521/1596 1514/1593
s 1
f 1515/1615 1514/1616 1522/1617 1523/1618
f 1516/1621 1515/1615 1523/1618 1524/1622
f 1517/1625 1516/1621 1524/1622 1525/1626
f 1518/1629 1517/1625 1525/1626 1526/1630
f 1519/1627 1518/1629 1526/1630 1527/1628
f 1520/1623 1519/1627 1527/1628 1528/1624
f 1521/1619 1520/1623 1528/1624 1529/1620
f 1514/1616 1521/1619 1529/1620 1522/1617
s off
f 1523/1603 1522/1604 1530/1605 1531/1606
f 1524/1579 1523/1580 1531/1581 1532/1582
f 1525/1583 1524/1579 1532/1582 1533/1584
f 1526/1609 1525/1610 1533/1611 1534/1612
f 1527/1613 1526/1609 1534/1612 1535/1614
f 1528/1585 1527/1586 1535/1587 1536/1588
f 1529/1589 1528/1585 1536/1588 1537/1590
f 1522/1604 1529/1607 1537/1608 1530/1605
s 2
f 1531/1631 1530/1632 1506/1633 1507/1634
f 1532/1637 1531/1631 1507/1634 1508/1638
f 1533/1641 1532/1637 1508/1638 1509/1642
f 1534/1645 1533/1641 1509/1642 1510/1646
f 1535/1643 1534/1645 1510/1646 1511/1644
f 1536/1639 1535/1643 1511/1644 1512/1640
f 1537/1635 1536/1639 1512/1640 1513/1636
f 1530/1632 1537/1635 1513/1636 1506/1633
g default
v 0.035381 0.108891 0.734255
v 0.067298 0.092628 0.734255
v 0.092628 0.067298 0.734255
v 0.108891 0.035381 0.734255
v 0.114495 0.000000 0.734255
v 0.108891 -0.035381 0.734255
v 0.092628 -0.067298 0.734255
v 0.067298 -0.092628 0.734255
v 0.035381 -0.108891 0.734255
v -0.000000 -0.114495 0.734255
v -0.035381 -0.108891 0.734255
v -0.067298 -0.092628 0.734255
v -0.092628 -0.067298 0.734255
v -0.108891 -0.035381 0.734255
v -0.114495 -0.000000 0.734255
v -0.108891 0.035381 0.734255
v -0.092628 0.067298 0.734255
v -0.067298 0.092628 0.734255
v -0.035381 0.108891 0.734255
v 0.000000 0.114495 0.734255
v 0.069891 0.215101 0.707444
v 0.132940 0.182976 0.707444
v 0.182976 0.132940 0.707444
v 0.215101 0.069890 0.707444
v 0.226170 0.000000 0.707444
v 0.215101 -0.069890 0.707444
v 0.182976 -0.132940 0.707444
v 0.132940 -0.182976 0.707444
v 0.069891 -0.215101 0.707444
v 0.000000 -0.226170 0.707444
v -0.069890 -0.215101 0.707444
v -0.132940 -0.182976 0.707444
v -0.182976 -0.132940 0.707444
v -0.215101 -0.069890 0.707444
v -0.226170 -0.000000 0.707444
v -0.215101 0.069890 0.707444
v -0.182976 0.132940 0.707444
v -0.132940 0.182976 0.707444
v -0.069890 0.215101 0.707444
v 0.000000 0.226170 0.707444
v 0.102679 0.316014 0.663493
v 0.195307 0.268818 0.663493
v 0.268818 0.195307 0.663493
v 0.316014 0.102679 0.663493
v 0.332277 0.000000 0.663493
v 0.316014 -0.102679 0.663493
v 0.268818 -0.195307 0.663493
v 0.195307 -0.268818 0.663493
v 0.102679 -0.316014 0.663493
v -0.000000 -0.332277 0.663493
v -0.102679 -0.316014 0.663493
v -0.195307 -0.268818 0.663493
v -0.268818 -0.195307 0.663493
v -0.316014 -0.102679 0.663493
v -0.332277 -0.000000 0.663493
v -0.316014 0.102679 0.663493
v -0.268817 0.195307 0.663493
v -0.195307 0.268817 0.663493
v -0.102679 0.316014 0.663493
v 0.000000 0.332277 0.663493
v 0.132940 0.409146 0.603485
v 0.252866 0.348040 0.603485
v 0.348040 0.252866 0.603485
v 0.409146 0.132940 0.603485
v 0.430202 0.000000 0.603485
v 0.409146 -0.132940 0.603485
v 0.348040 -0.252866 0.603485
v 0.252866 -0.348040 0.603485
v 0.132940 -0.409146 0.603485
v -0.000000 -0.430202 0.603485
v -0.132940 -0.409146 0.603485
v -0.252866 -0.348040 0.603485
v -0.348040 -0.252866 0.603485
v -0.409146 -0.132940 0.603485
v -0.430201 -0.000000 0.603485
v -0.409146 0.132940 0.603485
v -0.348040 0.252866 0.603485
v -0.252866 0.348040 0.603485
v -0.132940 0.409146 0.603485
v 0.000000 0.430201 0.603485
v 0.000000 0.000000 0.743266
v 0.035381 0.108891 0.751003
v 0.067298 0.092628 0.751003
v 0.132940 0.182976 0.724192
v 0.069890 0.215101 0.724192
v 0.092628 0.067298 0.751002
v 0.182976 0.132940 0.724192
v 0.108891 0.035381 0.751003
v 0.215101 0.069890 0.724192
v 0.114495 0.000000 0.751003
v 0.226170 0.000000 0.724192
v 0.108891 -0.035381 0.751002
v 0.215101 -0.069890 0.724192
v 0.092628 -0.067298 0.751003
v 0.182976 -0.132940 0.724192
v 0.067298 -0.092628 0.751003
v 0.132940 -0.182976 0.724192
v 0.035381 -0.108891 0.751003
v 0.069890 -0.215101 0.724192
v -0.000000 -0.114495 0.751003
v -0.000000 -0.226170 0.724192
v -0.035381 -0.108891 0.751003
v -0.069890 -0.215101 0.724192
v -0.067298 -0.092628 0.751003
v -0.132940 -0.182976 0.724192
v -0.092628 -0.067298 0.751003
v -0.182976 -0.132940 0.724192
v -0.108891 -0.035381 0.751003
v -0.215101 -0.069890 0.724192
v -0.114495 -0.000000 0.751002
v -0.226170 -0.000000 0.724192
v -0.108891 0.035381 0.751003
v -0.215101 0.069890 0.724192
v -0.092628 0.067298 0.751003
v -0.182976 0.132940 0.724192
v -0.067298 0.092628 0.751003
v -0.132940 0.182976 0.724192
v -0.035381 0.108891 0.751002
v -0.069890 0.215101 0.724192
v -0.000000 0.114495 0.751003
v 0.000000 0.226170 0.724192
v 0.195307 0.268818 0.680241
v 0.102679 0.316014 0.680241
v 0.268818 0.195307 0.680241
v 0.316014 0.102679 0.680241
v 0.332277 0.000000 0.680241
v 0.316014 -0.102679 0.680241
v 0.268818 -0.195307 0.680241
v 0.195307 -0.268818 0.680241
v 0.102679 -0.316014 0.680241
v -0.000000 -0.332277 0.680241
v -0.102679 -0.316014 0.680241
v -0.195307 -0.268818 0.680241
v -0.268818 -0.195307 0.680241
v -0.316014 -0.102679 0.680241
v -0.332277 -0.000000 0.680241
v -0.316014 0.102679 0.680241
v -0.268817 0.195307 0.680241
v -0.195307 0.268817 0.680241
v -0.102679 0.316014 0.680241
v 0.000000 0.332277 0.680241
v 0.252866 0.348040 0.620233
v 0.132940 0.409146 0.620233
v 0.348040 0.252866 0.620233
v 0.409146 0.132940 0.620233
v 0.430202 0.000000 0.620233
v 0.409146 -0.132940 0.620233
v 0.348040 -0.252866 0.620233
v 0.252866 -0.348040 0.620233
v 0.132940 -0.409146 0.620233
v -0.000000 -0.430202 0.620233
v -0.132940 -0.409146 0.620233
v -0.252866 -0.348040 0.620233
v -0.348040 -0.252866 0.620233
v -0.409146 -0.132940 0.620233
v -0.430202 -0.000000 0.620233
v -0.409146 0.132940 0.620233
v -0.348040 0.252866 0.620233
v -0.252866 0.348040 0.620233
v -0.132940 0.409146 0.620233
v 0.000000 0.430201 0.620233
v 0.000000 0.000000 0.760013
vt 0.000000 0.050000
vt 0.050000 0.050000
vt 0.100000 0.050000
vt 0.150000 0.050000
vt 0.200000 0.050000
vt 0.250000 0.050000
vt 0.300000 0.050000
vt 0.350000 0.050000
vt 0.400000 0.050000
vt 0.450000 0.050000
vt 0.500000 0.050000
vt 0.550000 0.050000
vt 0.600000 0.050000
vt 0.650000 0.050000
vt 0.700000 0.050000
vt 0.750000 0.050000
vt 0.800000 0.050000
vt 0.850000 0.050000
vt 0.900000 0.050000
vt 0.950000 0.050000
vt 1.000000 0.050000
vt 0.000000 0.100000
vt 0.050000 0.100000
vt 0.100000 0.100000
vt 0.150000 0.100000
vt 0.200000 0.100000
vt 0.250000 0.100000
vt 0.300000 0.100000
vt 0.350000 0.100000
vt 0.400000 0.100000
vt 0.450000 0.100000
vt 0.500000 0.100000
vt 0.550000 0.100000
vt 0.600000 0.100000
vt 0.650000 0.100000
vt 0.700000 0.100000
vt 0.750000 0.100000
vt 0.800000 0.100000
vt 0.850000 0.100000
vt 0.900000 0.100000
vt 0.950000 0.100000
vt 1.000000 0.100000
vt 0.000000 0.150000
vt 0.050000 0.150000
vt 0.100000 0.150000
vt 0.150000 0.150000
vt 0.200000 0.150000
vt 0.250000 0.150000
vt 0.300000 0.150000
vt 0.350000 0.150000
vt 0.400000 0.150000
vt 0.450000 0.150000
vt 0.500000 0.150000
vt 0.550000 0.150000
vt 0.600000 0.150000
vt 0.650000 0.150000
vt 0.700000 0.150000
vt 0.750000 0.150000
vt 0.800000 0.150000
vt 0.850000 0.150000
vt 0.900000 0.150000
vt 0.950000 0.150000
vt 1.000000 0.150000
vt 0.000000 0.200000
vt 0.050000 0.200000
vt 0.100000 0.200000
vt 0.150000 0.200000
vt 0.200000 0.200000
vt 0.250000 0.200000
vt 0.300000 0.200000
vt 0.350000 0.200000
vt 0.400000 0.200000
vt 0.450000 0.200000
vt 0.500000 0.200000
vt 0.550000 0.200000
vt 0.600000 0.200000
vt 0.650000 0.200000
vt 0.700000 0.200000
vt 0.750000 0.200000
vt 0.800000 0.200000
vt 0.850000 0.200000
vt 0.900000 0.200000
vt 0.950000 0.200000
vt 1.000000 0.200000
vt 0.025000 0.000000
vt 0.075000 0.000000
vt 0.125000 0.000000
vt 0.175000 0.000000
vt 0.225000 0.000000
vt 0.275000 0.000000
vt 0.325000 0.000000
vt 0.375000 0.000000
vt 0.425000 0.000000
vt 0.475000 0.000000
vt 0.525000 0.000000
vt 0.575000 0.000000
vt 0.625000 0.000000
vt 0.675000 0.000000
vt 0.725000 0.000000
vt 0.775000 0.000000
vt 0.825000 0.000000
vt 0.875000 0.000000
vt 0.925000 0.000000
vt 0.975000 0.000000
vt 0.000000 0.050000
vt 0.050000 0.050000
vt 0.050000 0.100000
vt 0.000000 0.100000
vt 0.100000 0.050000
vt 0.100000 0.100000
vt 0.150000 0.050000
vt 0.150000 0.100000
vt 0.200000 0.050000
vt 0.200000 0.100000
vt 0.250000 0.050000
vt 0.250000 0.100000
vt 0.300000 0.050000
vt 0.300000 0.100000
vt 0.350000 0.050000
vt 0.350000 0.100000
vt 0.400000 0.050000
vt 0.400000 0.100000
vt 0.450000 0.050000
vt 0.450000 0.100000
vt 0.500000 0.050000
vt 0.500000 0.100000
vt 0.550000 0.050000
vt 0.550000 0.100000
vt 0.600000 0.050000
vt 0.600000 0.100000
vt 0.650000 0.050000
vt 0.650000 0.100000
vt 0.700000 0.050000
vt 0.700000 0.100000
vt 0.750000 0.050000
vt 0.750000 0.100000
vt 0.800000 0.050000
vt 0.800000 0.100000
vt 0.850000 0.050000
vt 0.850000 0.100000
vt 0.900000 0.050000
vt 0.900000 0.100000
vt 0.950000 0.050000
vt 0.950000 0.100000
vt 1.000000 0.050000
vt 1.000000 0.100000
vt 0.050000 0.150000
vt 0.000000 0.150000
vt 0.100000 0.150000
vt 0.150000 0.150000
vt 0.200000 0.150000
vt 0.250000 0.150000
vt 0.300000 0.150000
vt 0.350000 0.150000
vt 0.400000 0.150000
vt 0.450000 0.150000
vt 0.500000 0.150000
vt 0.550000 0.150000
vt 0.600000 0.150000
vt 0.650000 0.150000
vt 0.700000 0.150000
vt 0.750000 0.150000
vt 0.800000 0.150000
vt 0.850000 0.150000
vt 0.900000 0.150000
vt 0.950000 0.150000
vt 1.000000 0.150000
vt 0.050000 0.200000
vt 0.000000 0.200000
vt 0.100000 0.200000
vt 0.150000 0.200000
vt 0.200000 0.200000
vt 0.250000 0.200000
vt 0.300000 0.200000
vt 0.350000 0.200000
vt 0.400000 0.200000
vt 0.450000 0.200000
vt 0.500000 0.200000
vt 0.550000 0.200000
vt 0.600000 0.200000
vt 0.650000 0.200000
vt 0.700000 0.200000
vt 0.750000 0.200000
vt 0.800000 0.200000
vt 0.850000 0.200000
vt 0.900000 0.200000
vt 0.950000 0.200000
vt 1.000000 0.200000
vt 0.025000 0.000000
vt 0.075000 0.000000
vt 0.125000 0.000000
vt 0.175000 0.000000
vt 0.225000 0.000000
vt 0.275000 0.000000
vt 0.325000 0.000000
vt 0.375000 0.000000
vt 0.425000 0.000000
vt 0.475000 0.000000
vt 0.525000 0.000000
vt 0.575000 0.000000
vt 0.625000 0.000000
vt 0.675000 0.000000
vt 0.725000 0.000000
vt 0.775000 0.000000
vt 0.825000 0.000000
vt 0.875000 0.000000
vt 0.925000 0.000000
vt 0.975000 0.000000
vt 0.050000 0.200000
vt 0.000000 0.200000
vt 0.100000 0.200000
vt 0.150000 0.200000
vt 0.200000 0.200000
vt 0.250000 0.200000
vt 0.300000 0.200000
vt 0.350000 0.200000
vt 0.400000 0.200000
vt 0.450000 0.200000
vt 0.500000 0.200000
vt 0.550000 0.200000
vt 0.600000 0.200000
vt 0.650000 0.200000
vt 0.700000 0.200000
vt 0.750000 0.200000
vt 0.800000 0.200000
vt 0.850000 0.200000
vt 0.900000 0.200000
vt 0.950000 0.200000
vt 1.000000 0.200000
s 1
g pasted__pSphere1 group1 Glass
usemtl phong1SG
f 1619/1647 1620/1648 1621/1669 1622/1668
f 1620/1648 1623/1649 1624/1670 1621/1669
f 1623/1649 1625/1650 1626/1671 1624/1670
f 1625/1650 1627/1651 1628/1672 1626/1671
f 1627/1651 1629/1652 1630/1673 1628/1672
f 1629/1652 1631/1653 1632/1674 1630/1673
f 1631/1653 1633/1654 1634/1675 1632/1674
f 1633/1654 1635/1655 1636/1676 1634/1675
f 1635/1655 1637/1656 1638/1677 1636/1676
f 1637/1656 1639/1657 1640/1678 1638/1677
f 1639/1657 1641/1658 1642/1679 1640/1678
f 1641/1658 1643/1659 1644/1680 1642/1679
f 1643/1659 1645/1660 1646/1681 1644/1680
f 1645/1660 1647/1661 1648/1682 1646/1681
f 1647/1661 1649/1662 1650/1683 1648/1682
f 1649/1662 1651/1663 1652/1684 1650/1683
f 1651/1663 1653/1664 1654/1685 1652/1684
f 1653/1664 1655/1665 1656/1686 1654/1685
f 1655/1665 1657/1666 1658/1687 1656/1686
f 1657/1666 1619/1667 1622/1688 1658/1687
f 1622/1668 1621/1669 1659/1690 1660/1689
f 1621/1669 1624/1670 1661/1691 1659/1690
f 1624/1670 1626/1671 1662/1692 1661/1691
f 1626/1671 1628/1672 1663/1693 1662/1692
f 1628/1672 1630/1673 1664/1694 1663/1693
f 1630/1673 1632/1674 1665/1695 1664/1694
f 1632/1674 1634/1675 1666/1696 1665/1695
f 1634/1675 1636/1676 1667/1697 1666/1696
f 1636/1676 1638/1677 1668/1698 1667/1697
f 1638/1677 1640/1678 1669/1699 1668/1698
f 1640/1678 1642/1679 1670/1700 1669/1699
f 1642/1679 1644/1680 1671/1701 1670/1700
f 1644/1680 1646/1681 1672/1702 1671/1701
f 1646/1681 1648/1682 1673/1703 1672/1702
f 1648/1682 1650/1683 1674/1704 1673/1703
f 1650/1683 1652/1684 1675/1705 1674/1704
f 1652/1684 1654/1685 1676/1706 1675/1705
f 1654/1685 1656/1686 1677/1707 1676/1706
f 1656/1686 1658/1687 1678/1708 1677/1707
f 1658/1687 1622/1688 1660/1709 1678/1708
f 1660/1689 1659/1690 1679/1855 1680/1856
f 1659/1690 1661/1691 1681/1857 1679/1855
f 1661/1691 1662/1692 1682/1858 1681/1857
f 1662/1692 1663/1693 1683/1859 1682/1858
f 1663/1693 1664/1694 1684/1860 1683/1859
f 1664/1694 1665/1695 1685/1861 1684/1860
f 1665/1695 1666/1696 1686/1862 1685/1861
f 1666/1696 1667/1697 1687/1863 1686/1862
f 1667/1697 1668/1698 1688/1864 1687/1863
f 1668/1698 1669/1699 1689/1865 1688/1864
f 1669/1699 1670/1700 1690/1866 1689/1865
f 1670/1700 1671/1701 1691/1867 1690/1866
f 1671/1701 1672/1702 1692/1868 1691/1867
f 1672/1702 1673/1703 1693/1869 1692/1868
f 1673/1703 1674/1704 1694/1870 1693/1869
f 1674/1704 1675/1705 1695/1871 1694/1870
f 1675/1705 1676/1706 1696/1872 1695/1871
f 1676/1706 1677/1707 1697/1873 1696/1872
f 1677/1707 1678/1708 1698/1874 1697/1873
f 1678/1708 1660/1709 1680/1875 1698/1874
f 1620/1648 1619/1647 1699/1731
f 1623/1649 1620/1648 1699/1732
f 1625/1650 1623/1649 1699/1733
f 1627/1651 1625/1650 1699/1734
f 1629/1652 1627/1651 1699/1735
f 1631/1653 1629/1652 1699/1736
f 1633/1654 1631/1653 1699/1737
f 1635/1655 1633/1654 1699/1738
f 1637/1656 1635/1655 1699/1739
f 1639/1657 1637/1656 1699/1740
f 1641/1658 1639/1657 1699/1741
f 1643/1659 1641/1658 1699/1742
f 1645/1660 1643/1659 1699/1743
f 1647/1661 1645/1660 1699/1744
f 1649/1662 1647/1661 1699/1745
f 1651/1663 1649/1662 1699/1746
f 1653/1664 1651/1663 1699/1747
f 1655/1665 1653/1664 1699/1748
f 1657/1666 1655/1665 1699/1749
f 1619/1667 1657/1666 1699/1750
s 2
f 1538/1751 1558/1754 1559/1753 1539/1752
f 1539/1752 1559/1753 1560/1756 1540/1755
f 1540/1755 1560/1756 1561/1758 1541/1757
f 1541/1757 1561/1758 1562/1760 1542/1759
f 1542/1759 1562/1760 1563/1762 1543/1761
f 1543/1761 1563/1762 1564/1764 1544/1763
f 1544/1763 1564/1764 1565/1766 1545/1765
f 1545/1765 1565/1766 1566/1768 1546/1767
f 1546/1767 1566/1768 1567/1770 1547/1769
f 1547/1769 1567/1770 1568/1772 1548/1771
f 1548/1771 1568/1772 1569/1774 1549/1773
f 1549/1773 1569/1774 1570/1776 1550/1775
f 1550/1775 1570/1776 1571/1778 1551/1777
f 1551/1777 1571/1778 1572/1780 1552/1779
f 1552/1779 1572/1780 1573/1782 1553/1781
f 1553/1781 1573/1782 1574/1784 1554/1783
f 1554/1783 1574/1784 1575/1786 1555/1785
f 1555/1785 1575/1786 1576/1788 1556/1787
f 1556/1787 1576/1788 1577/1790 1557/1789
f 1557/1789 1577/1790 1558/1792 1538/1791
f 1558/1754 1578/1794 1579/1793 1559/1753
f 1559/1753 1579/1793 1580/1795 1560/1756
f 1560/1756 1580/1795 1581/1796 1561/1758
f 1561/1758 1581/1796 1582/1797 1562/1760
f 1562/1760 1582/1797 1583/1798 1563/1762
f 1563/1762 1583/1798 1584/1799 1564/1764
f 1564/1764 1584/1799 1585/1800 1565/1766
f 1565/1766 1585/1800 1586/1801 1566/1768
f 1566/1768 1586/1801 1587/1802 1567/1770
f 1567/1770 1587/1802 1588/1803 1568/1772
f 1568/1772 1588/1803 1589/1804 1569/1774
f 1569/1774 1589/1804 1590/1805 1570/1776
f 1570/1776 1590/1805 1591/1806 1571/1778
f 1571/1778 1591/1806 1592/1807 1572/1780
f 1572/1780 1592/1807 1593/1808 1573/1782
f 1573/1782 1593/1808 1594/1809 1574/1784
f 1574/1784 1594/1809 1595/1810 1575/1786
f 1575/1786 1595/1810 1596/1811 1576/1788
f 1576/1788 1596/1811 1597/1812 1577/1790
f 1577/1790 1597/1812 1578/1813 1558/1792
f 1578/1794 1598/1815 1599/1814 1579/1793
f 1579/1793 1599/1814 1600/1816 1580/1795
f 1580/1795 1600/1816 1601/1817 1581/1796
f 1581/1796 1601/1817 1602/1818 1582/1797
f 1582/1797 1602/1818 1603/1819 1583/1798
f 1583/1798 1603/1819 1604/1820 1584/1799
f 1584/1799 1604/1820 1605/1821 1585/1800
f 1585/1800 1605/1821 1606/1822 1586/1801
f 1586/1801 1606/1822 1607/1823 1587/1802
f 1587/1802 1607/1823 1608/1824 1588/1803
f 1588/1803 1608/1824 1609/1825 1589/1804
f 1589/1804 1609/1825 1610/1826 1590/1805
f 1590/1805 1610/1826 1611/1827 1591/1806
f 1591/1806 1611/1827 1612/1828 1592/1807
f 1592/1807 1612/1828 1613/1829 1593/1808
f 1593/1808 1613/1829 1614/1830 1594/1809
f 1594/1809 1614/1830 1615/1831 1595/1810
f 1595/1810 1615/1831 1616/1832 1596/1811
f 1596/1811 1616/1832 1617/1833 1597/1812
f 1597/1812 1617/1833 1598/1834 1578/1813
f 1539/1752 1618/1835 1538/1751
f 1540/1755 1618/1836 1539/1752
f 1541/1757 1618/1837 1540/1755
f 1542/1759 1618/1838 1541/1757
f 1543/1761 1618/1839 1542/1759
f 1544/1763 1618/1840 1543/1761
f 1545/1765 1618/1841 1544/1763
f 1546/1767 1618/1842 1545/1765
f 1547/1769 1618/1843 1546/1767
f 1548/1771 1618/1844 1547/1769
f 1549/1773 1618/1845 1548/1771
f 1550/1775 1618/1846 1549/1773
f 1551/1777 1618/1847 1550/1775
f 1552/1779 1618/1848 1551/1777
f 1553/1781 1618/1849 1552/1779
f 1554/1783 1618/1850 1553/1781
f 1555/1785 1618/1851 1554/1783
f 1556/1787 1618/1852 1555/1785
f 1557/1789 1618/1853 1556/1787
f 1538/1791 1618/1854 1557/1789
s off
f 1599/1711 1598/1710 1680/1856 1679/1855
f 1600/1712 1599/1711 1679/1855 1681/1857
f 1601/1713 1600/1712 1681/1857 1682/1858
f 1602/1714 1601/1713 1682/1858 1683/1859
f 1603/1715 1602/1714 1683/1859 1684/1860
f 1604/1716 1603/1715 1684/1860 1685/1861
f 1605/1717 1604/1716 1685/1861 1686/1862
f 1606/1718 1605/1717 1686/1862 1687/1863
f 1607/1719 1606/1718 1687/1863 1688/1864
f 1608/1720 1607/1719 1688/1864 1689/1865
f 1609/1721 1608/1720 1689/1865 1690/1866
f 1610/1722 1609/1721 1690/1866 1691/1867
f 1611/1723 1610/1722 1691/1867 1692/1868
f 1612/1724 1611/1723 1692/1868 1693/1869
f 1613/1725 1612/1724 1693/1869 1694/1870
f 1614/1726 1613/1725 1694/1870 1695/1871
f 1615/1727 1614/1726 1695/1871 1696/1872
f 1616/1728 1615/1727 1696/1872 1697/1873
f 1617/1729 1616/1728 1697/1873 1698/1874
f 1598/1730 1617/1729 1698/1874 1680/1875
g default
v 0.047241 0.373954 0.603485
v 0.093738 0.365084 0.603485
v 0.138756 0.350457 0.603485
v 0.181585 0.330303 0.603485
v 0.221551 0.304940 0.603485
v 0.258024 0.274767 0.603485
v 0.290426 0.240262 0.603485
v 0.318249 0.201967 0.603485
v 0.341053 0.160487 0.603485
v 0.358478 0.116477 0.603485
v 0.370250 0.070629 0.603485
v 0.376182 0.023667 0.603485
v 0.376182 -0.023667 0.603485
v 0.370250 -0.070629 0.603485
v 0.358478 -0.116477 0.603485
v 0.341053 -0.160487 0.603485
v 0.318249 -0.201967 0.603485
v 0.290426 -0.240262 0.603485
v 0.258024 -0.274767 0.603484
v 0.221551 -0.304940 0.603485
v 0.181586 -0.330303 0.603485
v 0.138756 -0.350457 0.603485
v 0.093738 -0.365084 0.603485
v 0.047241 -0.373954 0.603485
v -0.000000 -0.376926 0.603485
v -0.047241 -0.373954 0.603485
v -0.093738 -0.365084 0.603485
v -0.138756 -0.350457 0.603485
v -0.181586 -0.330303 0.603485
v -0.221551 -0.304939 0.603485
v -0.258023 -0.274767 0.603485
v -0.290426 -0.240262 0.603485
v -0.318249 -0.201967 0.603485
v -0.341053 -0.160487 0.603485
v -0.358478 -0.116476 0.603485
v -0.370249 -0.070629 0.603485
v -0.376182 -0.023667 0.603485
v -0.376182 0.023667 0.603485
v -0.370249 0.070629 0.603485
v -0.358478 0.116477 0.603485
v -0.341053 0.160487 0.603485
v -0.318249 0.201967 0.603485
v -0.290426 0.240262 0.603485
v -0.258023 0.274767 0.603485
v -0.221551 0.304939 0.603485
v -0.181585 0.330303 0.603485
v -0.138756 0.350457 0.603485
v -0.093738 0.365084 0.603485
v -0.047241 0.373954 0.603485
v 0.000000 0.376926 0.603485
v 0.051492 0.407601 0.542911
v 0.102172 0.397933 0.542911
v 0.151240 0.381990 0.542911
v 0.197924 0.360022 0.542911
v 0.241486 0.332377 0.542911
v 0.281240 0.299490 0.542912
v 0.316558 0.261880 0.542911
v 0.346884 0.220139 0.542912
v 0.371740 0.174927 0.542911
v 0.390733 0.126957 0.542911
v 0.403563 0.076984 0.542911
v 0.410030 0.025797 0.542911
v 0.410030 -0.025797 0.542911
v 0.403563 -0.076984 0.542911
v 0.390733 -0.126957 0.542912
v 0.371740 -0.174927 0.542912
v 0.346884 -0.220139 0.542912
v 0.316558 -0.261880 0.542911
v 0.281240 -0.299490 0.542911
v 0.241486 -0.332377 0.542911
v 0.197924 -0.360022 0.542911
v 0.151240 -0.381990 0.542911
v 0.102172 -0.397933 0.542911
v 0.051492 -0.407601 0.542911
v -0.000000 -0.410841 0.542911
v -0.051492 -0.407601 0.542911
v -0.102172 -0.397933 0.542911
v -0.151241 -0.381990 0.542911
v -0.197924 -0.360022 0.542911
v -0.241486 -0.332377 0.542911
v -0.281240 -0.299490 0.542911
v -0.316558 -0.261880 0.542911
v -0.346884 -0.220139 0.542912
v -0.371739 -0.174927 0.542911
v -0.390732 -0.126957 0.542911
v -0.403563 -0.076984 0.542911
v -0.410030 -0.025797 0.542911
v -0.410030 0.025797 0.542911
v -0.403563 0.076984 0.542911
v -0.390732 0.126957 0.542911
v -0.371739 0.174927 0.542912
v -0.346884 0.220139 0.542912
v -0.316558 0.261879 0.542912
v -0.281240 0.299490 0.542911
v -0.241486 0.332377 0.542911
v -0.197924 0.360022 0.542911
v -0.151240 0.381990 0.542911
v -0.102172 0.397933 0.542911
v -0.051492 0.407601 0.542911
v 0.000000 0.410840 0.542911
v 0.055743 0.441248 0.603485
v 0.110606 0.430782 0.603485
v 0.163725 0.413523 0.603485
v 0.214262 0.389742 0.603485
v 0.261421 0.359815 0.603485
v 0.304456 0.324213 0.603485
v 0.342690 0.283498 0.603485
v 0.375519 0.238312 0.603485
v 0.402427 0.189368 0.603485
v 0.422987 0.137437 0.603485
v 0.436877 0.083339 0.603485
v 0.443878 0.027926 0.603485
v 0.443878 -0.027926 0.603485
v 0.436877 -0.083339 0.603485
v 0.422987 -0.137437 0.603485
v 0.402427 -0.189368 0.603485
v 0.375519 -0.238312 0.603485
v 0.342690 -0.283498 0.603485
v 0.304456 -0.324213 0.603485
v 0.261420 -0.359815 0.603485
v 0.214262 -0.389742 0.603485
v 0.163725 -0.413523 0.603485
v 0.110606 -0.430782 0.603485
v 0.055743 -0.441248 0.603485
v -0.000000 -0.444755 0.603485
v -0.055743 -0.441248 0.603485
v -0.110606 -0.430782 0.603485
v -0.163725 -0.413523 0.603485
v -0.214262 -0.389742 0.603485
v -0.261421 -0.359814 0.603485
v -0.304456 -0.324212 0.603485
v -0.342690 -0.283498 0.603485
v -0.375519 -0.238312 0.603485
v -0.402426 -0.189367 0.603485
v -0.422987 -0.137437 0.603485
v -0.436877 -0.083339 0.603485
v -0.443877 -0.027926 0.603485
v -0.443877 0.027926 0.603485
v -0.436877 0.083339 0.603485
v -0.422987 0.137437 0.603485
v -0.402426 0.189367 0.603485
v -0.375519 0.238312 0.603485
v -0.342690 0.283497 0.603485
v -0.304456 0.324212 0.603485
v -0.261420 0.359814 0.603485
v -0.214262 0.389742 0.603485
v -0.163725 0.413523 0.603485
v -0.110606 0.430782 0.603485
v -0.055743 0.441248 0.603485
v 0.000000 0.444755 0.603485
v 0.051492 0.407601 0.664058
v 0.102172 0.397933 0.664058
v 0.151240 0.381990 0.664058
v 0.197924 0.360022 0.664058
v 0.241486 0.332377 0.664058
v 0.281240 0.299490 0.664058
v 0.316558 0.261880 0.664058
v 0.346884 0.220139 0.664058
v 0.371740 0.174927 0.664058
v 0.390733 0.126957 0.664058
v 0.403563 0.076984 0.664058
v 0.410030 0.025797 0.664058
v 0.410030 -0.025797 0.664058
v 0.403563 -0.076984 0.664058
v 0.390733 -0.126957 0.664058
v 0.371740 -0.174927 0.664058
v 0.346884 -0.220139 0.664058
v 0.316558 -0.261880 0.664058
v 0.281240 -0.299490 0.664058
v 0.241486 -0.332377 0.664058
v 0.197924 -0.360022 0.664058
v 0.151240 -0.381990 0.664058
v 0.102172 -0.397933 0.664058
v 0.051492 -0.407601 0.664058
v -0.000000 -0.410841 0.664058
v -0.051492 -0.407601 0.664058
v -0.102172 -0.397933 0.664058
v -0.151241 -0.381990 0.664058
v -0.197924 -0.360022 0.664058
v -0.241486 -0.332377 0.664058
v -0.281240 -0.299490 0.664058
v -0.316558 -0.261880 0.664058
v -0.346884 -0.220139 0.664058
v -0.371739 -0.174927 0.664058
v -0.390732 -0.126957 0.664058
v -0.403563 -0.076984 0.664058
v -0.410030 -0.025797 0.664058
v -0.410030 0.025797 0.664058
v -0.403563 0.076984 0.664058
v -0.390732 0.126957 0.664058
v -0.371739 0.174927 0.664058
v -0.346884 0.220139 0.664058
v -0.316558 0.261879 0.664058
v -0.281240 0.299490 0.664058
v -0.241486 0.332377 0.664058
v -0.197924 0.360022 0.664058
v -0.151240 0.381990 0.664058
v -0.102172 0.397933 0.664058
v -0.051492 0.407601 0.664058
v 0.000000 0.410840 0.664058
vt 0.209064 0.970062
vt 0.195029 0.972742
vt 0.196312 0.982907
vt 0.211609 0.979986
vt 0.222652 0.965643
vt 0.226421 0.975170
vt 0.235580 0.959555
vt 0.240512 0.968533
vt 0.247644 0.951892
vt 0.253661 0.960181
vt 0.258653 0.942777
vt 0.265660 0.950246
vt 0.268433 0.932352
vt 0.276321 0.938883
vt 0.276832 0.920783
vt 0.285475 0.926273
vt 0.283715 0.908252
vt 0.292978 0.912614
vt 0.288975 0.894956
vt 0.298711 0.898122
vt 0.292528 0.881105
vt 0.302584 0.883024
vt 0.294319 0.866917
vt 0.304536 0.867561
vt 0.294319 0.852617
vt 0.304536 0.851974
vt 0.292528 0.838429
vt 0.302584 0.836510
vt 0.288975 0.824578
vt 0.298711 0.821412
vt 0.283715 0.811283
vt 0.292978 0.806920
vt 0.276832 0.798751
vt 0.285475 0.793261
vt 0.268433 0.787182
vt 0.276321 0.780651
vt 0.258653 0.776758
vt 0.265661 0.769289
vt 0.247644 0.767642
vt 0.253661 0.759353
vt 0.235580 0.759980
vt 0.240512 0.751001
vt 0.222652 0.753891
vt 0.226421 0.744365
vt 0.209064 0.749472
vt 0.211609 0.739548
vt 0.195029 0.746792
vt 0.196312 0.736627
vt 0.180769 0.745894
vt 0.180769 0.735649
vt 0.166509 0.746792
vt 0.165226 0.736627
vt 0.152475 0.749472
vt 0.149929 0.739548
vt 0.138886 0.753891
vt 0.135117 0.744365
vt 0.125958 0.759980
vt 0.121026 0.751001
vt 0.113894 0.767642
vt 0.107877 0.759353
vt 0.102885 0.776758
vt 0.095877 0.769289
vt 0.093104 0.787182
vt 0.085217 0.780651
vt 0.084706 0.798751
vt 0.076063 0.793261
vt 0.077823 0.811283
vt 0.068560 0.806920
vt 0.072563 0.824579
vt 0.062827 0.821412
vt 0.069010 0.838430
vt 0.058954 0.836510
vt 0.067219 0.852617
vt 0.057003 0.851974
vt 0.067219 0.866917
vt 0.057003 0.867561
vt 0.069010 0.881105
vt 0.058954 0.883024
vt 0.072563 0.894956
vt 0.062827 0.898122
vt 0.077823 0.908252
vt 0.068560 0.912614
vt 0.084706 0.920783
vt 0.076063 0.926273
vt 0.093105 0.932352
vt 0.085217 0.938883
vt 0.102885 0.942777
vt 0.095878 0.950246
vt 0.113894 0.951892
vt 0.107877 0.960181
vt 0.125958 0.959554
vt 0.121026 0.968533
vt 0.138886 0.965643
vt 0.135118 0.975170
vt 0.152475 0.970062
vt 0.149929 0.979986
vt 0.166509 0.972742
vt 0.165226 0.982907
vt 0.180769 0.973640
vt 0.180769 0.983886
vt 0.197595 0.993072
vt 0.214155 0.989910
vt 0.230189 0.984696
vt 0.245444 0.977512
vt 0.259678 0.968470
vt 0.272668 0.957715
vt 0.284209 0.945414
vt 0.294118 0.931763
vt 0.302240 0.916977
vt 0.308447 0.901288
vt 0.312639 0.884944
vt 0.314752 0.868204
vt 0.314752 0.851330
vt 0.312639 0.834590
vt 0.308447 0.818246
vt 0.302240 0.802558
vt 0.294118 0.787771
vt 0.284209 0.774120
vt 0.272668 0.761820
vt 0.259678 0.751064
vt 0.245444 0.742023
vt 0.230189 0.734838
vt 0.214155 0.729624
vt 0.197595 0.726462
vt 0.180769 0.725403
vt 0.163943 0.726462
vt 0.147383 0.729624
vt 0.131349 0.734838
vt 0.116094 0.742023
vt 0.101860 0.751064
vt 0.088870 0.761820
vt 0.077329 0.774120
vt 0.067419 0.787771
vt 0.059298 0.802558
vt 0.053091 0.818246
vt 0.048899 0.834590
vt 0.046786 0.851330
vt 0.046786 0.868204
vt 0.048899 0.884944
vt 0.053091 0.901288
vt 0.059298 0.916977
vt 0.067420 0.931763
vt 0.077329 0.945414
vt 0.088870 0.957715
vt 0.101860 0.968470
vt 0.116094 0.977512
vt 0.131349 0.984696
vt 0.147383 0.989910
vt 0.163943 0.993072
vt 0.180769 0.994132
vt 0.196312 0.982907
vt 0.211609 0.979986
vt 0.226421 0.975170
vt 0.240512 0.968533
vt 0.253661 0.960181
vt 0.265660 0.950246
vt 0.276321 0.938883
vt 0.285475 0.926273
vt 0.292978 0.912614
vt 0.298711 0.898122
vt 0.302584 0.883024
vt 0.304536 0.867561
vt 0.304536 0.851974
vt 0.302584 0.836510
vt 0.298711 0.821412
vt 0.292978 0.806920
vt 0.285475 0.793261
vt 0.276321 0.780651
vt 0.265661 0.769289
vt 0.253661 0.759353
vt 0.240512 0.751001
vt 0.226421 0.744365
vt 0.211609 0.739548
vt 0.196312 0.736627
vt 0.180769 0.735649
vt 0.165226 0.736627
vt 0.149929 0.739548
vt 0.135117 0.744365
vt 0.121026 0.751001
vt 0.107877 0.759353
vt 0.095877 0.769289
vt 0.085217 0.780651
vt 0.076063 0.793261
vt 0.068560 0.806920
vt 0.062827 0.821412
vt 0.058954 0.836510
vt 0.057003 0.851974
vt 0.057003 0.867561
vt 0.058954 0.883024
vt 0.062827 0.898122
vt 0.068560 0.912614
vt 0.076063 0.926273
vt 0.085217 0.938883
vt 0.095878 0.950246
vt 0.107877 0.960181
vt 0.121026 0.968533
vt 0.135118 0.975170
vt 0.149929 0.979986
vt 0.165226 0.982907
vt 0.180769 0.983886
s 1
g pasted__pSphere1 group1 WindowConstruction
usemtl blinn4SG
f 1701/1876 1700/1877 1750/1878 1751/1879
f 1702/1880 1701/1876 1751/1879 1752/1881
f 1703/1882 1702/1880 1752/1881 1753/1883
f 1704/1884 1703/1882 1753/1883 1754/1885
f 1705/1886 1704/1884 1754/1885 1755/1887
f 1706/1888 1705/1886 1755/1887 1756/1889
f 1707/1890 1706/1888 1756/1889 1757/1891
f 1708/1892 1707/1890 1757/1891 1758/1893
f 1709/1894 1708/1892 1758/1893 1759/1895
f 1710/1896 1709/1894 1759/1895 1760/1897
f 1711/1898 1710/1896 1760/1897 1761/1899
f 1712/1900 1711/1898 1761/1899 1762/1901
f 1713/1902 1712/1900 1762/1901 1763/1903
f 1714/1904 1713/1902 1763/1903 1764/1905
f 1715/1906 1714/1904 1764/1905 1765/1907
f 1716/1908 1715/1906 1765/1907 1766/1909
f 1717/1910 1716/1908 1766/1909 1767/1911
f 1718/1912 1717/1910 1767/1911 1768/1913
f 1719/1914 1718/1912 1768/1913 1769/1915
f 1720/1916 1719/1914 1769/1915 1770/1917
f 1721/1918 1720/1916 1770/1917 1771/1919
f 1722/1920 1721/1918 1771/1919 1772/1921
f 1723/1922 1722/1920 1772/1921 1773/1923
f 1724/1924 1723/1922 1773/1923 1774/1925
f 1725/1926 1724/1924 1774/1925 1775/1927
f 1726/1928 1725/1926 1775/1927 1776/1929
f 1727/1930 1726/1928 1776/1929 1777/1931
f 1728/1932 1727/1930 1777/1931 1778/1933
f 1729/1934 1728/1932 1778/1933 1779/1935
f 1730/1936 1729/1934 1779/1935 1780/1937
f 1731/1938 1730/1936 1780/1937 1781/1939
f 1732/1940 1731/1938 1781/1939 1782/1941
f 1733/1942 1732/1940 1782/1941 1783/1943
f 1734/1944 1733/1942 1783/1943 1784/1945
f 1735/1946 1734/1944 1784/1945 1785/1947
f 1736/1948 1735/1946 1785/1947 1786/1949
f 1737/1950 1736/1948 1786/1949 1787/1951
f 1738/1952 1737/1950 1787/1951 1788/1953
f 1739/1954 1738/1952 1788/1953 1789/1955
f 1740/1956 1739/1954 1789/1955 1790/1957
f 1741/1958 1740/1956 1790/1957 1791/1959
f 1742/1960 1741/1958 1791/1959 1792/1961
f 1743/1962 1742/1960 1792/1961 1793/1963
f 1744/1964 1743/1962 1793/1963 1794/1965
f 1745/1966 1744/1964 1794/1965 1795/1967
f 1746/1968 1745/1966 1795/1967 1796/1969
f 1747/1970 1746/1968 1796/1969 1797/1971
f 1748/1972 1747/1970 1797/1971 1798/1973
f 1749/1974 1748/1972 1798/1973 1799/1975
f 1700/1877 1749/1974 1799/1975 1750/1878
s 2
f 1751/1879 1750/1878 1800/1976 1801/1977
f 1752/1881 1751/1879 1801/1977 1802/1978
f 1753/1883 1752/1881 1802/1978 1803/1979
f 1754/1885 1753/1883 1803/1979 1804/1980
f 1755/1887 1754/1885 1804/1980 1805/1981
f 1756/1889 1755/1887 1805/1981 1806/1982
f 1757/1891 1756/1889 1806/1982 1807/1983
f 1758/1893 1757/1891 1807/1983 1808/1984
f 1759/1895 1758/1893 1808/1984 1809/1985
f 1760/1897 1759/1895 1809/1985 1810/1986
f 1761/1899 1760/1897 1810/1986 1811/1987
f 1762/1901 1761/1899 1811/1987 1812/1988
f 1763/1903 1762/1901 1812/1988 1813/1989
f 1764/1905 1763/1903 1813/1989 1814/1990
f 1765/1907 1764/1905 1814/1990 1815/1991
f 1766/1909 1765/1907 1815/1991 1816/1992
f 1767/1911 1766/1909 1816/1992 1817/1993
f 1768/1913 1767/1911 1817/1993 1818/1994
f 1769/1915 1768/1913 1818/1994 1819/1995
f 1770/1917 1769/1915 1819/1995 1820/1996
f 1771/1919 1770/1917 1820/1996 1821/1997
f 1772/1921 1771/1919 1821/1997 1822/1998
f 1773/1923 1772/1921 1822/1998 1823/1999
f 1774/1925 1773/1923 1823/1999 1824/2000
f 1775/1927 1774/1925 1824/2000 1825/2001
f 1776/1929 1775/1927 1825/2001 1826/2002
f 1777/1931 1776/1929 1826/2002 1827/2003
f 1778/1933 1777/1931 1827/2003 1828/2004
f 1779/1935 1778/1933 1828/2004 1829/2005
f 1780/1937 1779/1935 1829/2005 1830/2006
f 1781/1939 1780/1937 1830/2006 1831/2007
f 1782/1941 1781/1939 1831/2007 1832/2008
f 1783/1943 1782/1941 1832/2008 1833/2009
f 1784/1945 1783/1943 1833/2009 1834/2010
f 1785/1947 1784/1945 1834/2010 1835/2011
f 1786/1949 1785/1947 1835/2011 1836/2012
f 1787/1951 1786/1949 1836/2012 1837/2013
f 1788/1953 1787/1951 1837/2013 1838/2014
f 1789/1955 1788/1953 1838/2014 1839/2015
f 1790/1957 1789/1955 1839/2015 1840/2016
f 1791/1959 1790/1957 1840/2016 1841/2017
f 1792/1961 1791/1959 1841/2017 1842/2018
f 1793/1963 1792/1961 1842/2018 1843/2019
f 1794/1965 1793/1963 1843/2019 1844/2020
f 1795/1967 1794/1965 1844/2020 1845/2021
f 1796/1969 1795/1967 1845/2021 1846/2022
f 1797/1971 1796/1969 1846/2022 1847/2023
f 1798/1973 1797/1971 1847/2023 1848/2024
f 1799/1975 1798/1973 1848/2024 1849/2025
f 1750/1878 1799/1975 1849/2025 1800/1976
s 3
f 1801/1977 1800/1976 1850/2026 1851/2027
f 1802/1978 1801/1977 1851/2027 1852/2028
f 1803/1979 1802/1978 1852/2028 1853/2029
f 1804/1980 1803/1979 1853/2029 1854/2030
f 1805/1981 1804/1980 1854/2030 1855/2031
f 1806/1982 1805/1981 1855/2031 1856/2032
f 1807/1983 1806/1982 1856/2032 1857/2033
f 1808/1984 1807/1983 1857/2033 1858/2034
f 1809/1985 1808/1984 1858/2034 1859/2035
f 1810/1986 1809/1985 1859/2035 1860/2036
f 1811/1987 1810/1986 1860/2036 1861/2037
f 1812/1988 1811/1987 1861/2037 1862/2038
f 1813/1989 1812/1988 1862/2038 1863/2039
f 1814/1990 1813/1989 1863/2039 1864/2040
f 1815/1991 1814/1990 1864/2040 1865/2041
f 1816/1992 1815/1991 1865/2041 1866/2042
f 1817/1993 1816/1992 1866/2042 1867/2043
f 1818/1994 1817/1993 1867/2043 1868/2044
f 1819/1995 1818/1994 1868/2044 1869/2045
f 1820/1996 1819/1995 1869/2045 1870/2046
f 1821/1997 1820/1996 1870/2046 1871/2047
f 1822/1998 1821/1997 1871/2047 1872/2048
f 1823/1999 1822/1998 1872/2048 1873/2049
f 1824/2000 1823/1999 1873/2049 1874/2050
f 1825/2001 1824/2000 1874/2050 1875/2051
f 1826/2002 1825/2001 1875/2051 1876/2052
f 1827/2003 1826/2002 1876/2052 1877/2053
f 1828/2004 1827/2003 1877/2053 1878/2054
f 1829/2005 1828/2004 1878/2054 1879/2055
f 1830/2006 1829/2005 1879/2055 1880/2056
f 1831/2007 1830/2006 1880/2056 1881/2057
f 1832/2008 1831/2007 1881/2057 1882/2058
f 1833/2009 1832/2008 1882/2058 1883/2059
f 1834/2010 1833/2009 1883/2059 1884/2060
f 1835/2011 1834/2010 1884/2060 1885/2061
f 1836/2012 1835/2011 1885/2061 1886/2062
f 1837/2013 1836/2012 1886/2062 1887/2063
f 1838/2014 1837/2013 1887/2063 1888/2064
f 1839/2015 1838/2014 1888/2064 1889/2065
f 1840/2016 1839/2015 1889/2065 1890/2066
f 1841/2017 1840/2016 1890/2066 1891/2067
f 1842/2018 1841/2017 1891/2067 1892/2068
f 1843/2019 1842/2018 1892/2068 1893/2069
f 1844/2020 1843/2019 1893/2069 1894/2070
f 1845/2021 1844/2020 1894/2070 1895/2071
f 1846/2022 1845/2021 1895/2071 1896/2072
f 1847/2023 1846/2022 1896/2072 1897/2073
f 1848/2024 1847/2023 1897/2073 1898/2074
f 1849/2025 1848/2024 1898/2074 1899/2075
f 1800/1976 1849/2025 1899/2075 1850/2026
s 4
f 1851/2027 1850/2026 1700/1877 1701/1876
f 1852/2028 1851/2027 1701/1876 1702/1880
f 1853/2029 1852/2028 1702/1880 1703/1882
f 1854/2030 1853/2029 1703/1882 1704/1884
f 1855/2031 1854/2030 1704/1884 1705/1886
f 1856/2032 1855/2031 1705/1886 1706/1888
f 1857/2033 1856/2032 1706/1888 1707/1890
f 1858/2034 1857/2033 1707/1890 1708/1892
f 1859/2035 1858/2034 1708/1892 1709/1894
f 1860/2036 1859/2035 1709/1894 1710/1896
f 1861/2037 1860/2036 1710/1896 1711/1898
f 1862/2038 1861/2037 1711/1898 1712/1900
f 1863/2039 1862/2038 1712/1900 1713/1902
f 1864/2040 1863/2039 1713/1902 1714/1904
f 1865/2041 1864/2040 1714/1904 1715/1906
f 1866/2042 1865/2041 1715/1906 1716/1908
f 1867/2043 1866/2042 1716/1908 1717/1910
f 1868/2044 1867/2043 1717/1910 1718/1912
f 1869/2045 1868/2044 1718/1912 1719/1914
f 1870/2046 1869/2045 1719/1914 1720/1916
f 1871/2047 1870/2046 1720/1916 1721/1918
f 1872/2048 1871/2047 1721/1918 1722/1920
f 1873/2049 1872/2048 1722/1920 1723/1922
f 1874/2050 1873/2049 1723/1922 1724/1924
f 1875/2051 1874/2050 1724/1924 1725/1926
f 1876/2052 1875/2051 1725/1926 1726/1928
f 1877/2053 1876/2052 1726/1928 1727/1930
f 1878/2054 1877/2053 1727/1930 1728/1932
f 1879/2055 1878/2054 1728/1932 1729/1934
f 1880/2056 1879/2055 1729/1934 1730/1936
f 1881/2057 1880/2056 1730/1936 1731/1938
f 1882/2058 1881/2057 1731/1938 1732/1940
f 1883/2059 1882/2058 1732/1940 1733/1942
f 1884/2060 1883/2059 1733/1942 1734/1944
f 1885/2061 1884/2060 1734/1944 1735/1946
f 1886/2062 1885/2061 1735/1946 1736/1948
f 1887/2063 1886/2062 1736/1948 1737/1950
f 1888/2064 1887/2063 1737/1950 1738/1952
f 1889/2065 1888/2064 1738/1952 1739/1954
f 1890/2066 1889/2065 1739/1954 1740/1956
f 1891/2067 1890/2066 1740/1956 1741/1958
f 1892/2068 1891/2067 1741/1958 1742/1960
f 1893/2069 1892/2068 1742/1960 1743/1962
f 1894/2070 1893/2069 1743/1962 1744/1964
f 1895/2071 1894/2070 1744/1964 1745/1966
f 1896/2072 1895/2071 1745/1966 1746/1968
f 1897/2073 1896/2072 1746/1968 1747/1970
f 1898/2074 1897/2073 1747/1970 1748/1972
f 1899/2075 1898/2074 1748/1972 1749/1974
f 1850/2026 1899/2075 1749/1974 1700/1877
g default
v -1.594216 -0.033178 -1.170078
v -1.594216 -0.033178 0.000000
v -1.594216 0.033178 -1.170078
v -1.594216 0.033178 0.000000
v -1.248639 0.033178 -1.556693
v -1.248639 0.033178 0.000000
v -0.683236 0.033178 -1.902830
v -0.683236 0.033178 0.000000
v -0.227745 0.033178 -2.001850
v -0.227745 0.033178 0.000000
v 0.227745 0.033178 -2.001850
v 0.227745 0.033178 0.000000
v 0.683235 0.033178 -1.902830
v 0.683235 0.033178 0.000000
v 1.248638 0.033178 -1.556693
v 1.248638 0.033178 0.000000
v 1.594216 0.033178 -1.170078
v 1.594216 0.033178 0.000000
v 1.594216 -0.033178 -1.170078
v 1.594216 -0.033178 0.000000
v 1.248639 -0.033178 -1.556693
v 1.248639 -0.033178 0.000000
v 0.683236 -0.033178 -1.902830
v 0.683236 -0.033178 0.000000
v 0.227745 -0.033178 -2.001850
v 0.227745 -0.033178 0.000000
v -0.227745 -0.033178 -2.001850
v -0.227745 -0.033178 0.000000
v -0.683235 -0.033178 -1.902829
v -0.683235 -0.033178 0.000000
v -1.248638 -0.033178 -1.556693
v -1.248638 -0.033178 0.000000
v -0.227745 0.033178 -0.957230
v 0.227745 0.033178 -0.957230
v 0.683235 0.033178 -0.606532
v 1.248638 0.033178 -0.606532
v 1.594216 0.033178 -0.606532
v 1.594216 -0.033178 -0.606532
v 1.248639 -0.033178 -0.606532
v 0.683235 -0.033178 -0.606532
v 0.227745 -0.033178 -0.957230
v -0.227745 -0.033178 -0.957230
v -0.683235 -0.033178 -0.606532
v -1.248638 -0.033178 -0.606532
v -1.594216 -0.033178 -0.606532
v -1.594216 0.033178 -0.606532
v -1.248639 0.033178 -0.606532
v -0.683235 0.033178 -0.606532
v -0.209952 0.093555 -2.001850
v -0.209952 0.093555 -0.957230
v 0.209952 0.093555 -0.957230
v 0.209952 0.093555 -2.001850
v 0.209952 -0.093555 -2.001850
v 0.209952 -0.093555 -0.957230
v -0.209952 -0.093555 -0.957230
v -0.209952 -0.093555 -2.001850
v 1.485296 0.033178 -0.606532
v 1.485296 0.033178 -1.291217
v 1.485296 -0.033178 -1.291217
v 1.485296 -0.033178 -0.606532
v 1.485296 -0.033178 0.000000
v 1.485296 0.033178 0.000000
v -1.485935 0.033178 -0.606532
v -1.485935 0.033178 -1.291217
v -1.485935 -0.033178 -1.291217
v -1.485935 -0.033178 -0.606532
v -1.485935 -0.033178 0.000000
v -1.485935 0.033178 0.000000
v 1.248638 0.033178 -1.286718
v 1.485296 0.033178 -1.047225
v 1.594216 0.033178 -0.930836
v 1.594216 -0.033178 -0.930836
v 1.485296 -0.033178 -1.047225
v 1.248639 -0.033178 -1.286718
v 0.683235 -0.033178 -1.583954
v 0.227745 -0.033178 -1.705035
v 0.209952 -0.093555 -1.705035
v -0.209952 -0.093555 -1.705035
v -0.227745 -0.033178 -1.705035
v -0.683235 -0.033178 -1.583954
v -1.248638 -0.033178 -1.286718
v -1.485935 -0.033178 -1.047225
v -1.594216 -0.033178 -0.930836
v -1.594216 0.033178 -0.930836
v -1.485935 0.033178 -1.047225
v -1.248639 0.033178 -1.286718
v -0.683236 0.033178 -1.583954
v -0.227745 0.033178 -1.705035
v -0.209952 0.093555 -1.705035
v 0.209952 0.093555 -1.705035
v 0.227745 0.033178 -1.705035
v 0.683235 0.033178 -1.583954
v -0.683236 0.033178 -1.755602
v -0.227745 0.033178 -1.864809
v -0.209952 0.093555 -1.864809
v 0.209952 0.093555 -1.864809
v 0.227745 0.033178 -1.864809
v 0.683235 0.033178 -1.755602
v 1.248638 0.033178 -1.432043
v 1.485296 0.033178 -1.178564
v 1.594216 0.033178 -1.059619
v 1.594216 -0.033178 -1.059619
v 1.485296 -0.033178 -1.178564
v 1.248639 -0.033178 -1.432043
v 0.683236 -0.033178 -1.755602
v 0.227745 -0.033178 -1.864809
v 0.209952 -0.093555 -1.864809
v -0.209952 -0.093555 -1.864808
v -0.227745 -0.033178 -1.864809
v -0.683235 -0.033178 -1.755602
v -1.248638 -0.033178 -1.432043
v -1.485935 -0.033178 -1.178564
v -1.594216 -0.033178 -1.059618
v -1.594216 0.033178 -1.059618
v -1.485935 0.033178 -1.178564
v -1.248639 0.033178 -1.432043
v -0.683236 0.033178 -1.828341
v -0.227745 0.033178 -1.932515
v -0.209952 0.093555 -1.932515
v 0.209952 0.093555 -1.932515
v 0.227745 0.033178 -1.932515
v 0.683235 0.033178 -1.828341
v 1.248638 0.033178 -1.493627
v 1.485296 0.033178 -1.234221
v 1.594216 0.033178 -1.114192
v 1.594216 -0.033178 -1.114192
v 1.485296 -0.033178 -1.234221
v 1.248639 -0.033178 -1.493627
v 0.683236 -0.033178 -1.828341
v 0.227745 -0.033178 -1.932514
v 0.209952 -0.093555 -1.932515
v -0.209952 -0.093555 -1.932514
v -0.227745 -0.033178 -1.932514
v -0.683235 -0.033178 -1.828341
v -1.248638 -0.033178 -1.493627
v -1.485935 -0.033178 -1.234221
v -1.594216 -0.033178 -1.114192
v -1.594216 0.033178 -1.114192
v -1.485935 0.033178 -1.234221
v -1.248639 0.033178 -1.493627
v -0.278817 0.033178 -1.852564
v -0.278817 0.033178 -1.920834
v -0.278817 0.033178 -1.990747
v -0.278817 -0.033178 -1.990747
v -0.278817 -0.033178 -1.920834
v -0.278817 -0.033178 -1.852564
v -0.278817 -0.033178 -1.691459
v -0.278817 -0.033178 -0.917908
v -0.278817 -0.033178 0.000000
v -0.278817 0.033178 0.000000
v -0.278817 0.033178 -0.917908
v -0.278817 0.033178 -1.691459
v -0.372278 0.033178 -1.830156
v -0.372278 0.033178 -1.899459
v -0.372278 0.033178 -1.970429
v -0.372278 -0.033178 -1.970429
v -0.372278 -0.033178 -1.899459
v -0.372278 -0.033178 -1.830156
v -0.372278 -0.033178 -1.666615
v -0.372278 -0.033178 -0.845949
v -0.372278 -0.033178 0.000000
v -0.372278 0.033178 0.000000
v -0.372278 0.033178 -0.845949
v -0.372278 0.033178 -1.666615
v 0.276138 0.033178 -1.692171
v 0.276138 0.033178 -1.853206
v 0.276138 0.033178 -1.921447
v 0.276138 0.033178 -1.991329
v 0.276138 -0.033178 -1.991329
v 0.276138 -0.033178 -1.921447
v 0.276138 -0.033178 -1.853206
v 0.276138 -0.033178 -1.692171
v 0.276138 -0.033178 -0.919970
v 0.276138 -0.033178 0.000000
v 0.276138 0.033178 0.000000
v 0.276138 0.033178 -0.919970
v 0.366886 0.033178 -1.668048
v 0.366886 0.033178 -1.831449
v 0.366886 0.033178 -1.900692
v 0.366886 0.033178 -1.971601
v 0.366886 -0.033178 -1.971601
v 0.366886 -0.033178 -1.900692
v 0.366886 -0.033178 -1.831449
v 0.366886 -0.033178 -1.668048
v 0.366886 -0.033178 -0.850100
v 0.366886 -0.033178 0.000000
v 0.366886 0.033178 0.000000
v 0.366886 0.033178 -0.850100
v -0.164446 0.093555 -1.962649
v -0.164446 0.093555 -1.898518
v 0.164446 0.093555 -1.898518
v 0.164446 0.093555 -1.962649
v -0.164446 0.093555 -1.688112
v 0.164446 0.093555 -1.688112
v -0.164446 0.093555 -0.996430
v 0.164446 0.093555 -0.996430
v -0.164446 0.093555 -1.835893
v 0.164446 0.093555 -1.835893
v 0.164446 -0.093555 -1.962649
v 0.164446 -0.093555 -1.898518
v -0.164446 -0.093555 -1.898518
v -0.164446 -0.093555 -1.962649
v 0.164446 -0.093555 -1.688112
v -0.164446 -0.093555 -1.688112
v 0.164446 -0.093555 -0.996430
v -0.164446 -0.093555 -0.996430
v 0.164446 -0.093555 -1.835893
v -0.164446 -0.093555 -1.835893
v -0.164446 0.121995 -1.962649
v -0.164446 0.121995 -1.898518
v 0.164446 0.121995 -1.898518
v 0.164446 0.121995 -1.962649
v -0.164446 0.121995 -1.688112
v 0.164446 0.121995 -1.688112
v -0.164446 0.121995 -0.996430
v 0.164446 0.121995 -0.996430
v -0.164446 0.121995 -1.835893
v 0.164446 0.121995 -1.835893
v 0.164446 -0.121994 -1.962649
v 0.164446 -0.121994 -1.898518
v -0.164446 -0.121994 -1.898518
v -0.164446 -0.121994 -1.962649
v 0.164446 -0.121994 -1.688112
v -0.164446 -0.121994 -1.688112
v 0.164446 -0.121994 -0.996430
v -0.164446 -0.121994 -0.996430
v 0.164446 -0.121994 -1.835893
v -0.164446 -0.121994 -1.835893
vt 0.911017 0.159307
vt 0.911017 0.171318
vt 0.896756 0.171318
vt 0.896756 0.159307
vt 0.911017 0.183046
vt 0.896756 0.183046
vt 0.911017 0.133272
vt 0.896756 0.133272
vt 0.911017 0.210724
vt 0.896756 0.210724
vt 0.911017 0.076218
vt 0.896756 0.076218
vt 0.911017 0.280421
vt 0.896756 0.280421
vt 0.911017 0.001828
vt 0.896756 0.001828
vt 0.911017 0.410774
vt 0.896756 0.410774
vt 0.918194 0.253295
vt 0.918194 0.241284
vt 0.932455 0.241284
vt 0.932455 0.253295
vt 0.918194 0.229555
vt 0.932455 0.229555
vt 0.932455 0.279329
vt 0.918194 0.279329
vt 0.918194 0.201878
vt 0.932455 0.201878
vt 0.932455 0.336384
vt 0.918194 0.336384
vt 0.918194 0.132180
vt 0.932455 0.132180
vt 0.932455 0.410774
vt 0.918194 0.410774
vt 0.918194 0.001828
vt 0.932455 0.001828
vt 0.998008 0.001828
vt 0.998008 0.016729
vt 0.985032 0.016729
vt 0.985032 0.001828
vt 0.998008 0.031280
vt 0.985032 0.031280
vt 0.998008 0.065617
vt 0.985032 0.065617
vt 0.998008 0.226332
vt 0.985032 0.226332
vt 0.978897 0.509098
vt 0.978897 0.523999
vt 0.965921 0.523999
vt 0.965921 0.509098
vt 0.978897 0.494547
vt 0.965921 0.494547
vt 0.978897 0.460209
vt 0.965921 0.460209
vt 0.978897 0.299494
vt 0.965921 0.299494
vt 0.946810 0.523999
vt 0.946810 0.509098
vt 0.959785 0.509098
vt 0.959785 0.523999
vt 0.946810 0.494547
vt 0.959785 0.494547
vt 0.946810 0.460209
vt 0.959785 0.460209
vt 0.946810 0.299494
vt 0.959785 0.299494
vt 0.927698 0.429667
vt 0.927698 0.414766
vt 0.940674 0.414766
vt 0.940674 0.429667
vt 0.927698 0.444218
vt 0.940674 0.444218
vt 0.927698 0.478555
vt 0.940674 0.478555
vt 0.927698 0.639270
vt 0.940674 0.639270
vt 0.526178 0.691061
vt 0.526178 0.837243
vt 0.511917 0.837243
vt 0.511917 0.691061
vt 0.491521 0.785772
vt 0.491521 0.691061
vt 0.505781 0.691061
vt 0.505781 0.785772
vt 0.505781 0.837243
vt 0.491521 0.837243
vt 0.485385 0.691061
vt 0.485385 0.837243
vt 0.471124 0.837243
vt 0.471124 0.691061
vt 0.464989 0.742531
vt 0.464989 0.837243
vt 0.450728 0.837243
vt 0.450728 0.742531
vt 0.450728 0.691061
vt 0.464989 0.691061
vt 0.235004 0.691061
vt 0.235004 0.705955
vt 0.220743 0.705955
vt 0.220743 0.691061
vt 0.214608 0.691061
vt 0.214608 0.705942
vt 0.200347 0.705942
vt 0.200347 0.691061
vt 0.173816 0.691061
vt 0.173816 0.705727
vt 0.159555 0.705727
vt 0.159555 0.691061
vt 0.194212 0.691061
vt 0.194212 0.705733
vt 0.179951 0.705733
vt 0.179951 0.691061
vt 0.575167 0.691061
vt 0.575167 0.704843
vt 0.569055 0.704843
vt 0.569055 0.691061
vt 0.575167 0.718302
vt 0.569055 0.718302
vt 0.575167 0.750063
vt 0.569055 0.750063
vt 0.575167 0.898716
vt 0.569055 0.898716
vt 0.562920 0.884933
vt 0.562920 0.898716
vt 0.556808 0.898716
vt 0.556808 0.884933
vt 0.562920 0.871474
vt 0.556808 0.871474
vt 0.562920 0.839713
vt 0.556808 0.839713
vt 0.562920 0.691061
vt 0.556808 0.691061
vt 0.544560 0.898716
vt 0.544560 0.884933
vt 0.550672 0.884933
vt 0.550672 0.898716
vt 0.544560 0.871474
vt 0.550672 0.871474
vt 0.544560 0.839713
vt 0.550672 0.839713
vt 0.544560 0.691061
vt 0.550672 0.691061
vt 0.532313 0.704843
vt 0.532313 0.691061
vt 0.538425 0.691061
vt 0.538425 0.704843
vt 0.532313 0.718302
vt 0.538425 0.718302
vt 0.532313 0.750063
vt 0.538425 0.750063
vt 0.532313 0.898716
vt 0.538425 0.898716
vt 0.180752 0.001828
vt 0.192763 0.001828
vt 0.166967 0.025099
vt 0.154718 0.025099
vt 0.204492 0.001828
vt 0.178928 0.025099
vt 0.111217 0.076097
vt 0.097663 0.076097
vt 0.232169 0.001828
vt 0.207155 0.025099
vt 0.124452 0.076097
vt 0.039282 0.197611
vt 0.023273 0.197611
vt 0.301867 0.001828
vt 0.301867 0.025099
vt 0.155685 0.076097
vt 0.054914 0.197611
vt 0.023997 0.264440
vt 0.008745 0.264440
vt 0.432219 0.025099
vt 0.432219 0.001828
vt 0.091804 0.197611
vt 0.038892 0.264440
vt 0.019403 0.284526
vt 0.004378 0.284526
vt 0.301867 0.076097
vt 0.432219 0.076097
vt 0.301867 0.197611
vt 0.074039 0.264440
vt 0.016893 0.295502
vt 0.001992 0.295502
vt 0.432219 0.197611
vt 0.250412 0.264440
vt 0.068700 0.284526
vt 0.034076 0.284526
vt 0.031444 0.295502
vt 0.432219 0.264440
vt 0.234947 0.284526
vt 0.065782 0.295502
vt 0.432219 0.284526
vt 0.226497 0.295502
vt 0.432219 0.295502
vt 0.432219 0.393394
vt 0.226497 0.393394
vt 0.234504 0.403795
vt 0.432219 0.403795
vt 0.068547 0.403795
vt 0.065782 0.393394
vt 0.249520 0.423298
vt 0.432219 0.423298
vt 0.073731 0.423298
vt 0.033938 0.403795
vt 0.031444 0.393394
vt 0.301867 0.491286
vt 0.432219 0.491286
vt 0.091804 0.491286
vt 0.038614 0.423298
vt 0.019272 0.403795
vt 0.016893 0.393394
vt 0.301867 0.612799
vt 0.432219 0.612799
vt 0.054914 0.491286
vt 0.155685 0.612799
vt 0.001992 0.393394
vt 0.004253 0.403795
vt 0.432219 0.663661
vt 0.301867 0.663661
vt 0.039282 0.491286
vt 0.023732 0.423298
vt 0.124452 0.612799
vt 0.008493 0.423298
vt 0.301867 0.687069
vt 0.432219 0.687069
vt 0.023273 0.491286
vt 0.111217 0.612799
vt 0.178928 0.663661
vt 0.207155 0.663661
vt 0.232169 0.687069
vt 0.097663 0.612799
vt 0.166967 0.663661
vt 0.204492 0.687069
vt 0.154718 0.663661
vt 0.192763 0.687069
vt 0.180752 0.687069
vt 0.728805 0.691061
vt 0.728805 0.704844
vt 0.658121 0.704844
vt 0.658121 0.691061
vt 0.728805 0.718302
vt 0.658121 0.718302
vt 0.728805 0.750063
vt 0.658121 0.750063
vt 0.728805 0.898716
vt 0.658121 0.898716
vt 0.716254 0.663661
vt 0.704005 0.663661
vt 0.759755 0.612799
vt 0.773309 0.612799
vt 0.690220 0.687069
vt 0.678209 0.687069
vt 0.692043 0.663661
vt 0.746520 0.612799
vt 0.831690 0.491286
vt 0.847699 0.491286
vt 0.666480 0.687069
vt 0.663817 0.663661
vt 0.715287 0.612799
vt 0.816058 0.491286
vt 0.847239 0.423298
vt 0.862479 0.423298
vt 0.638803 0.687069
vt 0.779168 0.491286
vt 0.832358 0.423298
vt 0.851700 0.403795
vt 0.866719 0.403795
vt 0.569105 0.687069
vt 0.569105 0.663661
vt 0.569105 0.612799
vt 0.569105 0.491286
vt 0.797241 0.423298
vt 0.854078 0.393394
vt 0.868980 0.393394
vt 0.438752 0.663661
vt 0.438752 0.687069
vt 0.438752 0.612799
vt 0.438752 0.491286
vt 0.621451 0.423298
vt 0.802425 0.403795
vt 0.837034 0.403795
vt 0.839528 0.393394
vt 0.438752 0.423298
vt 0.636468 0.403795
vt 0.805190 0.393394
vt 0.438752 0.403795
vt 0.644475 0.393394
vt 0.438752 0.393394
vt 0.644475 0.295503
vt 0.438752 0.295503
vt 0.438752 0.284527
vt 0.636024 0.284527
vt 0.438752 0.264440
vt 0.620559 0.264440
vt 0.802272 0.284527
vt 0.805190 0.295503
vt 0.569105 0.197611
vt 0.438752 0.197611
vt 0.796933 0.264440
vt 0.836896 0.284526
vt 0.839528 0.295503
vt 0.779168 0.197611
vt 0.569105 0.076097
vt 0.438752 0.076097
vt 0.832080 0.264440
vt 0.851568 0.284527
vt 0.854078 0.295503
vt 0.816058 0.197611
vt 0.715287 0.076097
vt 0.438752 0.025099
vt 0.569105 0.025099
vt 0.868980 0.295503
vt 0.866594 0.284527
vt 0.831690 0.197611
vt 0.846974 0.264440
vt 0.746520 0.076097
vt 0.569105 0.001828
vt 0.438752 0.001828
vt 0.862227 0.264440
vt 0.847699 0.197611
vt 0.759755 0.076097
vt 0.692043 0.025099
vt 0.663816 0.025099
vt 0.638803 0.001828
vt 0.773309 0.076097
vt 0.704005 0.025099
vt 0.666480 0.001828
vt 0.716254 0.025099
vt 0.678209 0.001828
vt 0.690220 0.001828
vt 0.581302 0.898716
vt 0.581302 0.884933
vt 0.651986 0.884933
vt 0.651986 0.898716
vt 0.581302 0.871474
vt 0.651986 0.871474
vt 0.581302 0.839713
vt 0.651986 0.839713
vt 0.581302 0.691061
vt 0.651986 0.691061
vt 0.921563 0.691061
vt 0.921563 0.705962
vt 0.911783 0.713268
vt 0.911783 0.699485
vt 0.921563 0.720513
vt 0.911783 0.726727
vt 0.831320 0.691061
vt 0.841099 0.699485
vt 0.921563 0.754851
vt 0.911783 0.758488
vt 0.831320 0.705962
vt 0.841099 0.713268
vt 0.921563 0.915565
vt 0.911783 0.907140
vt 0.831320 0.720513
vt 0.841099 0.726727
vt 0.831320 0.915565
vt 0.841099 0.907140
vt 0.831320 0.754851
vt 0.841099 0.758488
vt 0.734941 0.915565
vt 0.734941 0.900664
vt 0.744720 0.893358
vt 0.744720 0.907140
vt 0.734941 0.886113
vt 0.744720 0.879899
vt 0.825184 0.915565
vt 0.815404 0.907140
vt 0.734941 0.851775
vt 0.744720 0.848138
vt 0.825184 0.900664
vt 0.815404 0.893358
vt 0.734941 0.691061
vt 0.744720 0.699486
vt 0.825184 0.886113
vt 0.815404 0.879899
vt 0.825184 0.691061
vt 0.815404 0.699486
vt 0.825184 0.851775
vt 0.815404 0.848138
vt 0.889578 0.612799
vt 0.889578 0.663661
vt 0.875317 0.663661
vt 0.875317 0.612799
vt 0.889578 0.687069
vt 0.875317 0.687069
vt 0.889578 0.491286
vt 0.875317 0.491286
vt 0.875317 0.423298
vt 0.889578 0.423298
vt 0.875317 0.403795
vt 0.889578 0.403795
vt 0.889578 0.393394
vt 0.875317 0.393394
vt 0.889578 0.295503
vt 0.875317 0.295503
vt 0.875317 0.284526
vt 0.889578 0.284527
vt 0.875317 0.264440
vt 0.889578 0.264440
vt 0.889578 0.197611
vt 0.875317 0.197611
vt 0.889578 0.076097
vt 0.875317 0.076097
vt 0.875317 0.025099
vt 0.889578 0.025099
vt 0.889578 0.001828
vt 0.875317 0.001828
vt 0.952609 0.208011
vt 0.952609 0.197611
vt 0.966870 0.197611
vt 0.966870 0.208011
vt 0.952609 0.099719
vt 0.966870 0.099719
vt 0.952609 0.227514
vt 0.966870 0.227514
vt 0.939633 0.193787
vt 0.939633 0.103543
vt 0.952609 0.088743
vt 0.966870 0.088743
vt 0.979846 0.103543
vt 0.979846 0.193787
vt 0.952609 0.295503
vt 0.966870 0.295503
vt 0.952609 0.068657
vt 0.966870 0.068657
vt 0.952609 0.001828
vt 0.966870 0.001828
vt 0.444593 0.691061
vt 0.444593 0.788952
vt 0.431617 0.785128
vt 0.431617 0.694885
vt 0.412506 0.788952
vt 0.412506 0.691061
vt 0.425482 0.694885
vt 0.425482 0.785128
vt 0.343120 0.742059
vt 0.343120 0.691061
vt 0.357381 0.691061
vt 0.357381 0.742059
vt 0.322724 0.741922
vt 0.322724 0.691061
vt 0.336985 0.691061
vt 0.336985 0.741922
vt 0.302328 0.711147
vt 0.302328 0.691061
vt 0.316589 0.691061
vt 0.316589 0.711147
vt 0.261536 0.710564
vt 0.261536 0.691061
vt 0.275796 0.691061
vt 0.275796 0.710564
vt 0.296193 0.691061
vt 0.296193 0.711147
vt 0.281932 0.711147
vt 0.281932 0.691061
vt 0.255400 0.691061
vt 0.255400 0.710564
vt 0.241140 0.710564
vt 0.241140 0.691061
vt 0.400258 0.761745
vt 0.400258 0.691061
vt 0.406370 0.691061
vt 0.406370 0.761745
vt 0.394123 0.691061
vt 0.394123 0.761744
vt 0.388011 0.761744
vt 0.388011 0.691061
vt 0.381876 0.691061
vt 0.381876 0.761745
vt 0.375764 0.761745
vt 0.375764 0.691061
vt 0.363516 0.761744
vt 0.363516 0.691061
vt 0.369628 0.691061
vt 0.369628 0.761744
s 1
g pasted__pSphere1 group1 pCube71
usemtl blinn4SG
f 1900/2076 2036/2077 2037/2078 1902/2079
s 2
f 1902/2228 2037/2229 2038/2230 1963/2231
f 1904/2235 2039/2234 2016/2239 1906/2240
f 1906/2240 2016/2239 2053/2245 2054/2246
s 3
f 2108/2312 2109/2313 2110/2314 2111/2315
s 2
f 1910/2291 2020/2286 2066/2285 2067/2292
f 1912/2301 2021/2295 2022/2302 1914/2306
f 1914/2306 2022/2302 2023/2307 1957/2309
s 6
f 1916/2094 2024/2095 2025/2096 1918/2097
s 7
f 1958/2322 2026/2323 2027/2324 1920/2325
f 1920/2325 2027/2324 2028/2330 1922/2331
f 2068/2342 2069/2341 2029/2348 1924/2349
s 9
f 2118/2406 2119/2407 2120/2408 2121/2409
s 7
f 2055/2394 2056/2390 2033/2389 1928/2395
f 1928/2395 2033/2389 2034/2396 1930/2400
f 1964/2403 2035/2401 2036/2404 1900/2405
s 11
f 1921/2456 1960/2457 1961/2458 1915/2459
f 1923/2462 1921/2456 1915/2459 1913/2463
f 1925/2468 2073/2467 2074/2466 1911/2469
f 1927/2470 1925/2468 1911/2469 1909/2471
f 1929/2476 2060/2475 2061/2474 1907/2477
f 1931/2478 1929/2476 1907/2477 1905/2479
f 1901/2482 1966/2481 1967/2480 1903/2483
s 14
f 1958/2100 1920/2104 1914/2105 1957/2101
f 1920/2104 1922/2108 1912/2109 1914/2105
f 2068/2484 1924/2485 1910/2486 2067/2487
f 1924/2485 1926/2488 1908/2489 1910/2486
f 2055/2500 1928/2502 1906/2503 2054/2501
f 1928/2090 1930/2086 1904/2087 1906/2091
f 1964/2082 1900/2076 1902/2079 1963/2083
s 2
f 1932/2268 1909/2269 1911/2270 1933/2271
f 2075/2272 1933/2271 1911/2270 2074/2273
f 1935/2287 1934/2281 1913/2282 1915/2288
f 1961/2293 1956/2294 1935/2287 1915/2288
s 6
f 1937/2107 1936/2106 1917/2110 1919/2111
s 7
f 1938/2345 1959/2344 1960/2350 1921/2352
f 1939/2346 1938/2345 1921/2352 1923/2353
f 1940/2362 2072/2359 2073/2361 1925/2363
f 1941/2364 1940/2362 1925/2363 1927/2365
f 1942/2372 2059/2369 2060/2368 1929/2373
f 1943/2378 1942/2372 1929/2373 1931/2379
f 1944/2392 1965/2386 1966/2385 1901/2393
s 1
f 1945/2089 1944/2088 1901/2092 1903/2093
s 2
f 1967/2247 1962/2242 1945/2241 1903/2248
f 1947/2255 1946/2253 1905/2254 1907/2259
f 2062/2260 1947/2255 1907/2259 2061/2264
s 27
f 1908/2112 2017/2113 2018/2114 1948/2115
s off
f 1932/2504 1933/2505 1950/2506 1949/2507
s 28
f 2020/2122 1910/2123 1951/2124 2019/2125
s off
f 1910/2486 1908/2489 1948/2496 1951/2497
s 29
f 1924/2132 2029/2133 2030/2134 1952/2135
s off
f 1940/2508 1941/2509 1954/2510 1953/2511
s 30
f 2032/2142 1926/2143 1955/2144 2031/2145
s off
f 1926/2488 1924/2485 1952/2492 1955/2493
s 2
f 1957/2309 2023/2307 2024/2310 1916/2311
s 14
f 1918/2097 1958/2100 1957/2101 1916/2094
s 7
f 1918/2326 2025/2327 2026/2323 1958/2322
f 1960/2350 1959/2344 1937/2343 1919/2351
s 11
f 1961/2458 1960/2457 1919/2460 1917/2461
s 2
f 1936/2299 1956/2294 1961/2293 1917/2300
f 1963/2231 2038/2230 2039/2234 1904/2235
s 14
f 1930/2086 1964/2082 1963/2083 1904/2087
s 7
f 1930/2400 2034/2396 2035/2401 1964/2403
f 1966/2385 1965/2386 1943/2378 1931/2379
s 11
f 1967/2480 1966/2481 1931/2478 1905/2479
s 2
f 1946/2253 1962/2242 1967/2247 1905/2254
f 1970/2305 1969/2304 1956/2294 1936/2299
s 6
f 1971/2103 1970/2102 1936/2106 1937/2107
s 7
f 1972/2333 1971/2338 1937/2343 1959/2344
f 1974/2339 1973/2334 1938/2345 1939/2346
f 1975/2360 2071/2355 2072/2359 1940/2362
s 29
f 1976/2139 1975/2138 1940/2140 1953/2141
s 9
f 2123/2413 2122/2412 2124/2414 2125/2415
s 30
f 1941/2150 1978/2148 1977/2149 1954/2151
s 7
f 1979/2377 2058/2374 2059/2369 1942/2372
f 1980/2384 1979/2377 1942/2372 1943/2378
f 1982/2399 1981/2398 1965/2386 1944/2392
s 1
f 1983/2085 1982/2084 1944/2088 1945/2089
s 2
f 1984/2237 1983/2236 1945/2241 1962/2242
f 1986/2249 1985/2243 1946/2253 1947/2255
f 2063/2256 1986/2249 1947/2255 2062/2260
s 27
f 1988/2119 1987/2118 1932/2120 1949/2121
s 3
f 2113/2319 2112/2318 2114/2320 2115/2321
s 28
f 1933/2130 1990/2128 1989/2129 1950/2131
s 2
f 2075/2272 2064/2274 1990/2275 1933/2271
f 1968/2290 1991/2283 1934/2281 1935/2287
s off
f 1980/2152 1943/2153 1946/2154 1985/2155
f 1984/2156 1962/2157 1965/2158 1981/2159
f 1943/2512 1965/2513 1962/2514 1946/2515
f 1981/2159 1980/2160 1985/2161 1984/2156
f 1938/2162 1973/2163 1968/2164 1935/2165
f 1959/2516 1938/2517 1935/2518 1956/2519
f 1972/2166 1959/2167 1956/2168 1969/2169
f 1969/2169 1968/2170 1973/2171 1972/2166
s 2
f 1992/2244 1986/2249 2063/2256 2052/2250
s 27
f 1994/2117 1993/2116 1987/2118 1988/2119
s 3
f 2117/2317 2116/2316 2112/2318 2113/2319
s 28
f 1990/2128 1996/2126 1995/2127 1989/2129
s 2
f 2065/2279 1996/2280 1990/2275 2064/2274
f 1998/2297 1997/2289 1991/2283 1968/2290
f 1999/2303 1998/2297 1968/2290 1969/2304
f 2000/2308 1999/2303 1969/2304 1970/2305
s 6
f 2001/2099 2000/2098 1970/2102 1971/2103
s 7
f 2002/2328 2001/2332 1971/2338 1972/2333
f 2003/2329 2002/2328 1972/2333 1973/2334
f 2004/2335 2003/2329 1973/2334 1974/2339
f 2005/2357 2070/2356 2071/2355 1975/2360
s 29
f 2006/2137 2005/2136 1975/2138 1976/2139
s 9
f 2127/2411 2126/2410 2122/2412 2123/2413
s 30
f 1978/2148 2008/2146 2007/2147 1977/2149
s 7
f 2009/2383 2057/2380 2058/2374 1979/2377
f 2010/2391 2009/2383 1979/2377 1980/2384
f 2011/2397 2010/2391 1980/2384 1981/2398
f 2012/2402 2011/2397 1981/2398 1982/2399
s 1
f 2013/2081 2012/2080 1982/2084 1983/2085
s 2
f 2014/2233 2013/2232 1983/2236 1984/2237
f 2015/2238 2014/2233 1984/2237 1985/2243
f 1992/2244 2015/2238 1985/2243 1986/2249
f 2016/2239 1992/2244 2052/2250 2053/2245
s 27
f 2018/2114 2017/2113 1993/2116 1994/2117
s 3
f 2110/2314 2109/2313 2116/2316 2117/2317
s 28
f 1996/2126 2020/2122 2019/2125 1995/2127
s 2
f 2066/2285 2020/2286 1996/2280 2065/2279
f 2022/2302 2021/2295 1997/2289 1998/2297
f 2023/2307 2022/2302 1998/2297 1999/2303
f 2024/2310 2023/2307 1999/2303 2000/2308
s 6
f 2025/2096 2024/2095 2000/2098 2001/2099
s 7
f 2026/2323 2025/2327 2001/2332 2002/2328
f 2027/2324 2026/2323 2002/2328 2003/2329
f 2028/2330 2027/2324 2003/2329 2004/2335
f 2029/2348 2069/2341 2070/2356 2005/2357
s 29
f 2030/2134 2029/2133 2005/2136 2006/2137
s 9
f 2120/2408 2119/2407 2126/2410 2127/2411
s 30
f 2008/2146 2032/2142 2031/2145 2007/2147
s 7
f 2033/2389 2056/2390 2057/2380 2009/2383
f 2034/2396 2033/2389 2009/2383 2010/2391
f 2035/2401 2034/2396 2010/2391 2011/2397
f 2036/2404 2035/2401 2011/2397 2012/2402
s 1
f 2037/2078 2036/2077 2012/2080 2013/2081
s 2
f 2038/2230 2037/2229 2013/2232 2014/2233
f 2039/2234 2038/2230 2014/2233 2015/2238
f 2016/2239 2039/2234 2015/2238 1992/2244
f 2041/2251 2040/2262 1993/2263 2017/2257
f 2042/2252 2041/2251 2017/2257 1908/2258
s 14
f 1926/2488 2043/2494 2042/2495 1908/2489
s 7
f 1926/2387 2032/2382 2044/2381 2043/2388
f 2045/2375 2044/2381 2032/2382 2008/2376
f 2046/2370 2045/2375 2008/2376 1978/2371
f 2047/2367 2046/2370 1978/2371 1941/2364
f 2048/2366 2047/2367 1941/2364 1927/2365
s 11
f 2049/2472 2048/2473 1927/2470 1909/2471
s 2
f 1932/2268 2050/2265 2049/2267 1909/2269
f 1987/2266 2051/2261 2050/2265 1932/2268
f 2040/2262 2051/2261 1987/2266 1993/2263
f 2054/2246 2053/2245 2041/2251 2042/2252
s 14
f 2043/2494 2055/2500 2054/2501 2042/2495
s 7
f 2043/2388 2044/2381 2056/2390 2055/2394
f 2058/2374 2057/2380 2045/2375 2046/2370
f 2059/2369 2058/2374 2046/2370 2047/2367
f 2060/2368 2059/2369 2047/2367 2048/2366
s 11
f 2061/2474 2060/2475 2048/2473 2049/2472
s 2
f 2050/2265 2062/2260 2061/2264 2049/2267
f 2051/2261 2063/2256 2062/2260 2050/2265
f 2052/2250 2063/2256 2051/2261 2040/2262
f 2077/2284 2065/2279 2064/2274 2076/2278
f 2067/2292 2066/2285 2078/2296 2079/2298
s 14
f 2080/2490 2068/2484 2067/2487 2079/2491
s 7
f 2080/2337 2081/2336 2069/2341 2068/2342
f 2071/2355 2070/2356 2082/2340 2083/2347
f 2072/2359 2071/2355 2083/2347 2084/2354
f 2073/2361 2072/2359 2084/2354 2085/2358
s 11
f 2074/2466 2073/2467 2085/2465 2086/2464
s 2
f 2087/2276 2075/2272 2074/2273 2086/2277
f 2087/2276 2076/2278 2064/2274 2075/2272
f 1997/2289 2077/2284 2076/2278 1991/2283
f 2021/2295 2078/2296 2077/2284 1997/2289
f 2079/2298 2078/2296 2021/2295 1912/2301
s 14
f 1922/2498 2080/2490 2079/2491 1912/2499
s 7
f 1922/2331 2028/2330 2081/2336 2080/2337
f 2082/2340 2081/2336 2028/2330 2004/2335
f 2083/2347 2082/2340 2004/2335 1974/2339
f 2084/2354 2083/2347 1974/2339 1939/2346
f 2085/2358 2084/2354 1939/2346 1923/2353
s 11
f 2086/2464 2085/2465 1923/2462 1913/2463
s 2
f 1934/2281 2087/2276 2086/2277 1913/2282
f 1991/2283 2076/2278 2087/2276 1934/2281
s off
f 2045/2520 2057/2521 2052/2522 2040/2523
f 2057/2172 2056/2173 2053/2174 2052/2175
f 2081/2176 2082/2177 2077/2178 2078/2179
f 2082/2524 2070/2525 2065/2526 2077/2527
f 2070/2180 2069/2181 2066/2182 2065/2183
f 2044/2184 2045/2185 2040/2186 2041/2187
f 2056/2528 2044/2529 2041/2530 2053/2531
f 2069/2532 2081/2533 2078/2534 2066/2535
f 1948/2416 2018/2417 2089/2418 2088/2419
f 2019/2426 1951/2422 2091/2423 2090/2427
f 1951/2422 1948/2416 2088/2419 2091/2423
f 1988/2424 1949/2428 2094/2429 2092/2425
f 1949/2428 1950/2432 2095/2433 2094/2429
f 1950/2432 1989/2434 2093/2435 2095/2433
f 1994/2420 1988/2424 2092/2425 2096/2421
f 1989/2434 1995/2430 2097/2431 2093/2435
f 2018/2417 1994/2420 2096/2421 2089/2418
f 1995/2430 2019/2426 2090/2427 2097/2431
f 1952/2436 2030/2437 2099/2438 2098/2439
f 2031/2446 1955/2442 2101/2443 2100/2447
f 1955/2442 1952/2436 2098/2439 2101/2443
f 1976/2444 1953/2448 2104/2449 2102/2445
f 1953/2448 1954/2452 2105/2453 2104/2449
f 1954/2452 1977/2454 2103/2455 2105/2453
f 2006/2440 1976/2444 2102/2445 2106/2441
f 1977/2454 2007/2450 2107/2451 2103/2455
f 2030/2437 2006/2440 2106/2441 2099/2438
f 2007/2450 2031/2446 2100/2447 2107/2451
s 39
f 2088/2188 2089/2189 2109/2190 2108/2191
s 40
f 2090/2198 2091/2199 2111/2200 2110/2201
s off
f 2091/2536 2088/2537 2108/2538 2111/2539
s 39
f 2092/2194 2094/2196 2114/2197 2112/2195
s off
f 2094/2540 2095/2541 2115/2542 2114/2543
s 40
f 2095/2206 2093/2204 2113/2205 2115/2207
s 39
f 2096/2192 2092/2194 2112/2195 2116/2193
s 40
f 2093/2204 2097/2202 2117/2203 2113/2205
s 39
f 2089/2189 2096/2192 2116/2193 2109/2190
s 40
f 2097/2202 2090/2198 2110/2201 2117/2203
s 43
f 2098/2208 2099/2209 2119/2210 2118/2211
s 44
f 2100/2218 2101/2219 2121/2220 2120/2221
s off
f 2101/2544 2098/2545 2118/2546 2121/2547
s 43
f 2102/2214 2104/2216 2124/2217 2122/2215
s off
f 2104/2548 2105/2549 2125/2550 2124/2551
s 44
f 2105/2226 2103/2224 2123/2225 2125/2227
s 43
f 2106/2212 2102/2214 2122/2215 2126/2213
s 44
f 2103/2224 2107/2222 2127/2223 2123/2225
s 43
f 2099/2209 2106/2212 2126/2213 2119/2210
s 44
f 2107/2222 2100/2218 2120/2221 2127/2223
g default
v -0.230283 0.535160 -0.118256
v -0.230283 -0.000000 -0.226597
v -0.230283 -0.535160 -0.118256
v -0.230283 0.535160 -0.039419
v -0.230283 -0.000000 -0.075532
v -0.230283 -0.535160 -0.039419
v -0.230283 0.535160 0.039419
v -0.230283 -0.000000 0.075532
v -0.230283 -0.535160 0.039419
v -0.230283 0.535160 0.118256
v -0.230283 -0.000000 0.226597
v -0.230283 -0.535160 0.118256
v -1.600689 0.227850 0.082820
v -1.600689 0.000000 0.158695
v -1.600689 -0.227850 0.082820
v -1.600689 0.227850 0.027607
v -1.600689 0.000000 0.052898
v -1.600689 -0.227850 0.027607
v -1.600689 0.227850 -0.027607
v -1.600689 0.000000 -0.052898
v -1.600689 -0.227850 -0.027607
v -1.600689 0.227850 -0.082820
v -1.600689 0.000000 -0.158695
v -1.600689 -0.227850 -0.082820
v -0.230283 0.168906 0.192402
v -0.230283 -0.175763 0.191014
v -1.245108 0.051011 0.162423
v -1.245108 0.307588 0.092015
v -1.245108 0.307588 0.030672
v -1.245108 0.307588 -0.030672
v -1.245108 0.307588 -0.092015
v -1.245108 0.000000 -0.176314
v -1.245108 -0.307588 -0.092015
v -1.245108 -0.307588 -0.030672
v -1.245108 -0.307588 0.030672
v -1.245108 -0.307588 0.092015
v -1.245108 -0.060635 0.159774
v -0.869659 0.123653 0.165503
v -0.869659 0.391782 0.101723
v -0.869659 0.391782 0.033908
v -0.869659 0.391782 -0.033908
v -0.869659 0.391782 -0.101723
v -0.869659 0.000000 -0.194917
v -0.869659 -0.391782 -0.101723
v -0.869659 -0.391782 -0.033908
v -0.869659 -0.391782 0.033908
v -0.869659 -0.391782 0.101723
v -0.869659 -0.128673 0.164309
v -0.869659 0.000000 0.194917
v -1.245108 -0.000107 0.174448
v -1.245108 -0.060635 0.068781
v -1.245108 0.000000 0.085320
v -1.245108 0.000000 0.085320
v -1.245108 0.051011 0.071430
v -0.869659 -0.128673 0.073315
v -0.869659 0.000000 0.103923
v -0.869659 0.123653 0.074509
vt 0.406560 0.462961
vt 0.406560 0.445402
vt 0.410101 0.462732
vt 0.406560 0.479834
vt 0.786345 0.779444
vt 0.752532 0.612423
vt 0.799679 0.612423
vt 0.810950 0.779444
vt 0.786345 0.445402
vt 0.810950 0.445402
vt 0.846825 0.612423
vt 0.835554 0.779444
vt 0.835554 0.445402
vt 0.883300 0.665138
vt 0.860159 0.779444
vt 0.882867 0.557568
vt 0.860159 0.445402
vt 0.893972 0.612423
vt 0.672225 0.587624
vt 0.648545 0.516513
vt 0.681563 0.516513
vt 0.689457 0.587624
vt 0.672225 0.445402
vt 0.689457 0.445402
vt 0.714582 0.516513
vt 0.706688 0.587624
vt 0.706688 0.445402
vt 0.747601 0.516513
vt 0.723920 0.587624
vt 0.723920 0.445402
vt 0.443431 0.445402
vt 0.448011 0.464293
vt 0.420194 0.464326
vt 0.415033 0.445402
vt 0.444258 0.480246
vt 0.415859 0.480246
vt 0.452943 0.485560
vt 0.462495 0.445402
vt 0.490894 0.445402
vt 0.481341 0.485560
vt 0.462122 0.524152
vt 0.490521 0.524152
vt 0.852162 0.442194
vt 0.857322 0.242648
vt 0.878487 0.242648
vt 0.876767 0.442194
vt 0.860352 0.125472
vt 0.879497 0.125472
vt 0.899652 0.242648
vt 0.901372 0.442194
vt 0.880453 0.014497
vt 0.863221 0.014497
vt 0.898642 0.125472
vt 0.920816 0.242648
vt 0.925976 0.442194
vt 0.897685 0.014497
vt 0.917787 0.125472
vt 0.914917 0.014497
vt 0.967558 0.673553
vt 0.972718 0.873100
vt 0.948113 0.873100
vt 0.946393 0.673553
vt 0.923508 0.873100
vt 0.925228 0.673553
vt 0.964528 0.556377
vt 0.945383 0.556377
vt 0.898903 0.873100
vt 0.904063 0.673553
vt 0.926238 0.556377
vt 0.961658 0.445402
vt 0.944427 0.445402
vt 0.907093 0.556377
vt 0.927195 0.445402
vt 0.909963 0.445402
vt 0.530117 0.562578
vt 0.531532 0.445402
vt 0.559931 0.445402
vt 0.558516 0.562578
vt 0.524224 0.445402
vt 0.525185 0.562578
vt 0.496787 0.562578
vt 0.495825 0.445402
vt 0.506126 0.442194
vt 0.391820 0.442194
vt 0.377697 0.242648
vt 0.461379 0.242648
vt 0.339105 0.442194
vt 0.339105 0.242648
vt 0.355025 0.125472
vt 0.435102 0.125472
vt 0.284251 0.442194
vt 0.298947 0.242648
vt 0.339072 0.125472
vt 0.339105 0.014497
vt 0.410216 0.014497
vt 0.172085 0.442194
vt 0.216832 0.242648
vt 0.320181 0.125472
vt 0.243109 0.125472
vt 0.267994 0.014497
vt 0.556949 0.242648
vt 0.679222 0.242648
vt 0.679222 0.442194
vt 0.512202 0.442194
vt 0.583226 0.125472
vt 0.679222 0.125472
vt 0.801496 0.242648
vt 0.846243 0.442194
vt 0.679222 0.014497
vt 0.608111 0.014497
vt 0.775219 0.125472
vt 0.750333 0.014497
vt 0.605021 0.562578
vt 0.564863 0.562578
vt 0.586097 0.445402
vt 0.605021 0.445402
vt 0.643613 0.562578
vt 0.620941 0.445402
s 1
g pasted__pSphere1 group1 pCube70 pCube76
usemtl blinn5SG
f 2128/2556 2129/2557 2132/2558 2131/2559
f 2131/2559 2132/2558 2135/2562 2134/2563
f 2134/2563 2135/2562 2152/2565 2137/2566
f 2135/2562 2153/2567 2138/2569
s 3
f 2137/2634 2152/2635 2165/2636 2166/2637
f 2138/2638 2153/2642 2175/2643 2176/2639
s 5
f 2140/2570 2141/2571 2144/2572 2143/2573
f 2143/2573 2144/2572 2147/2576 2146/2577
f 2146/2577 2147/2576 2150/2579 2149/2580
s 6
f 2169/2652 2170/2653 2129/2654 2128/2655
s 7
f 2130/2594 2171/2595 2172/2596 2133/2597
f 2133/2597 2172/2596 2173/2600 2136/2601
f 2136/2601 2173/2600 2174/2605 2139/2606
s 8
f 2169/2610 2128/2611 2131/2612 2168/2613
f 2168/2613 2131/2612 2134/2614 2167/2615
f 2167/2615 2134/2614 2137/2618 2166/2619
s 3
f 2152/2635 2138/2638 2176/2639 2165/2636
s 1
f 2152/2565 2135/2562 2138/2569
s 3
f 2153/2642 2139/2647 2174/2648 2175/2643
s 5
f 2144/2572 2141/2571 2142/2574 2145/2575
f 2147/2576 2144/2572 2145/2575 2148/2578
f 2150/2579 2147/2576 2148/2578 2151/2581
s 6
f 2129/2654 2170/2653 2171/2658 2130/2659
s 1
f 2132/2558 2129/2557 2130/2560 2133/2561
f 2135/2562 2132/2558 2133/2561 2136/2564
f 2153/2567 2135/2562 2136/2564 2139/2568
s 3
f 2155/2641 2154/2640 2177/2644 2141/2645 2140/2646
s 8
f 2143/2624 2156/2620 2155/2623 2140/2625
f 2146/2622 2157/2617 2156/2620 2143/2624
f 2149/2621 2158/2616 2157/2617 2146/2622
s 6
f 2150/2660 2159/2657 2158/2656 2149/2661
f 2151/2663 2160/2662 2159/2657 2150/2660
s 7
f 2148/2602 2161/2599 2160/2598 2151/2603
f 2145/2607 2162/2604 2161/2599 2148/2602
f 2163/2608 2162/2604 2145/2607 2142/2609
s 3
f 2177/2644 2164/2649 2163/2650 2142/2651 2141/2645
s 12
f 2179/2552 2178/2553 2180/2554
f 2181/2555 2179/2552 2180/2554
s 3
f 2166/2637 2165/2636 2154/2640 2155/2641
s 8
f 2156/2620 2167/2615 2166/2619 2155/2623
f 2157/2617 2168/2613 2167/2615 2156/2620
f 2158/2616 2169/2610 2168/2613 2157/2617
s 6
f 2158/2656 2159/2657 2170/2653 2169/2652
f 2171/2658 2170/2653 2159/2657 2160/2662
s 7
f 2172/2596 2171/2595 2160/2598 2161/2599
f 2173/2600 2172/2596 2161/2599 2162/2604
f 2174/2605 2173/2600 2162/2604 2163/2608
s 3
f 2175/2643 2174/2648 2163/2650 2164/2649
s 12
f 2183/2664 2182/2665 2178/2666 2179/2667
f 2184/2668 2183/2664 2179/2667 2181/2669
s off
f 2164/2582 2177/2583 2180/2584 2178/2585
f 2177/2583 2154/2586 2181/2587 2180/2584
f 2176/2588 2175/2589 2182/2590 2183/2591
f 2175/2626 2164/2627 2178/2628 2182/2629
f 2165/2592 2176/2588 2183/2591 2184/2593
f 2154/2630 2165/2631 2184/2632 2181/2633
g default
v 1.643405 0.514216 -2.950073
v 1.643405 -0.514216 -2.950073
v 1.643405 0.514216 0.980769
v 1.643405 -0.514216 0.980769
v 1.684854 0.538133 0.980769
v 1.684854 -0.538133 0.980769
v 1.684854 0.538133 -2.950073
v 1.684854 -0.538133 -2.950073
v 1.177404 -1.308386 -2.387308
v 1.124877 -1.308386 -2.387307
v 1.177404 -1.308386 0.418004
v 1.124877 -1.308386 0.418004
v 1.177404 1.308387 -2.387308
v 1.124877 1.308387 -2.387307
v 1.124877 1.308387 0.418004
v 1.177404 1.308387 0.418004
v 1.611683 0.514216 -2.950073
v 1.611683 -0.514216 -2.950073
v 1.611683 -0.514216 0.980769
v 1.611683 0.514216 0.980769
vt 0.065714 0.499656
vt 0.065714 0.056621
vt 0.181626 0.056621
vt 0.181626 0.499656
vt 0.274075 0.499656
vt 0.274075 0.056621
vt 0.395378 0.056621
vt 0.395378 0.499656
vt 0.187261 0.436229
vt 0.187261 0.120049
vt 0.482191 0.120049
vt 0.482191 0.436229
vt 0.487202 0.436228
vt 0.487202 0.120049
vt 0.493122 0.120049
vt 0.493122 0.436229
vt 0.550315 0.056621
vt 0.545644 0.056621
vt 0.545644 0.499656
vt 0.550315 0.499656
vt 0.561680 0.120049
vt 0.561680 0.436229
vt 0.555760 0.436228
vt 0.555760 0.120049
vt 0.614202 0.499656
vt 0.618873 0.499656
vt 0.618873 0.056621
vt 0.614202 0.056621
vt 0.701638 0.945617
vt 0.698063 0.945617
vt 0.698063 0.502582
vt 0.701638 0.502582
vt 0.693567 0.945617
vt 0.689992 0.945617
vt 0.689992 0.502582
vt 0.693567 0.502582
vt 0.680824 0.505277
vt 0.685495 0.502582
vt 0.685495 0.623885
vt 0.680824 0.621189
vt 0.677248 0.621189
vt 0.677248 0.505277
vt 0.672752 0.623885
vt 0.668081 0.621189
vt 0.668081 0.505277
vt 0.672752 0.502581
vt 0.664505 0.621189
vt 0.664505 0.505277
vt 0.624317 0.056621
vt 0.713826 0.120049
vt 0.713826 0.436229
vt 0.624317 0.499656
vt 0.795644 0.945617
vt 0.706135 0.882189
vt 0.706135 0.566009
vt 0.795644 0.502582
s off
g pasted__pSphere1 group1 pCube79 pCube80
usemtl blinn3SG
f 2201/2670 2204/2671 2203/2672 2202/2673
s 1
f 2187/2706 2189/2707 2190/2708 2188/2709
s off
f 2189/2674 2191/2675 2192/2676 2190/2677
s 2
f 2191/2712 2185/2713 2186/2714 2192/2715
s off
f 2194/2682 2196/2683 2195/2684 2193/2685
f 2197/2690 2200/2691 2199/2692 2198/2693
f 2186/2688 2194/2682 2193/2685 2192/2689
f 2192/2676 2193/2680 2195/2681 2190/2677
f 2190/2686 2195/2684 2196/2683 2188/2687
f 2188/2718 2196/2719 2194/2720 2186/2721
f 2191/2696 2197/2690 2198/2693 2185/2697
f 2185/2722 2198/2723 2199/2724 2187/2725
f 2187/2694 2199/2692 2200/2691 2189/2695
f 2189/2674 2200/2678 2197/2679 2191/2675
s 2
f 2185/2713 2201/2716 2202/2717 2186/2714
s off
f 2186/2698 2202/2699 2203/2700 2188/2701
s 1
f 2188/2709 2203/2710 2204/2711 2187/2706
s off
f 2187/2702 2204/2703 2201/2704 2185/2705
g default
v -1.643405 0.514216 -2.950073
v -1.643405 -0.514216 -2.950073
v -1.643405 0.514216 0.980769
v -1.643405 -0.514216 0.980769
v -1.684854 0.538133 0.980769
v -1.684854 -0.538133 0.980769
v -1.684854 0.538133 -2.950073
v -1.684854 -0.538133 -2.950073
v -1.177404 -1.308386 -2.387308
v -1.124877 -1.308386 -2.387307
v -1.177404 -1.308386 0.418004
v -1.124877 -1.308386 0.418004
v -1.177404 1.308387 -2.387308
v -1.124877 1.308387 -2.387307
v -1.124877 1.308387 0.418004
v -1.177404 1.308387 0.418004
v -1.611683 0.514216 -2.950073
v -1.611683 -0.514216 -2.950073
v -1.611683 -0.514216 0.980769
v -1.611683 0.514216 0.980769
vt 0.065714 0.499656
vt 0.065714 0.056621
vt 0.181626 0.056621
vt 0.181626 0.499656
vt 0.274075 0.499656
vt 0.274075 0.056621
vt 0.395378 0.056621
vt 0.395378 0.499656
vt 0.187261 0.436229
vt 0.187261 0.120049
vt 0.482191 0.120049
vt 0.482191 0.436229
vt 0.487202 0.436228
vt 0.487202 0.120049
vt 0.493122 0.120049
vt 0.493122 0.436229
vt 0.550315 0.056621
vt 0.545644 0.056621
vt 0.545644 0.499656
vt 0.550315 0.499656
vt 0.561680 0.120049
vt 0.561680 0.436229
vt 0.555760 0.436228
vt 0.555760 0.120049
vt 0.614202 0.499656
vt 0.618873 0.499656
vt 0.618873 0.056621
vt 0.614202 0.056621
vt 0.701638 0.945617
vt 0.698063 0.945617
vt 0.698063 0.502582
vt 0.701638 0.502582
vt 0.693567 0.945617
vt 0.689992 0.945617
vt 0.689992 0.502582
vt 0.693567 0.502582
vt 0.680824 0.505277
vt 0.685495 0.502582
vt 0.685495 0.623885
vt 0.680824 0.621189
vt 0.677248 0.621189
vt 0.677248 0.505277
vt 0.672752 0.623885
vt 0.668081 0.621189
vt 0.668081 0.505277
vt 0.672752 0.502581
vt 0.664505 0.621189
vt 0.664505 0.505277
vt 0.624317 0.056621
vt 0.713826 0.120049
vt 0.713826 0.436229
vt 0.624317 0.499656
vt 0.795644 0.945617
vt 0.706135 0.882189
vt 0.706135 0.566009
vt 0.795644 0.502582
s off
g pasted__pSphere1 group1 pCube79 pCube80
usemtl blinn3SG
f 2221/2726 2224/2727 2223/2728 2222/2729
s 1
f 2207/2762 2209/2763 2210/2764 2208/2765
s off
f 2209/2730 2211/2731 2212/2732 2210/2733
s 2
f 2211/2768 2205/2769 2206/2770 2212/2771
s off
f 2214/2738 2216/2739 2215/2740 2213/2741
f 2217/2746 2220/2747 2219/2748 2218/2749
f 2206/2744 2214/2738 2213/2741 2212/2745
f 2212/2732 2213/2736 2215/2737 2210/2733
f 2210/2742 2215/2740 2216/2739 2208/2743
f 2208/2774 2216/2775 2214/2776 2206/2777
f 2211/2752 2217/2746 2218/2749 2205/2753
f 2205/2778 2218/2779 2219/2780 2207/2781
f 2207/2750 2219/2748 2220/2747 2209/2751
f 2209/2730 2220/2734 2217/2735 2211/2731
s 2
f 2205/2769 2221/2772 2222/2773 2206/2770
s off
f 2206/2754 2222/2755 2223/2756 2208/2757
s 1
f 2208/2765 2223/2766 2224/2767 2207/2762
s off
f 2207/2758 2224/2759 2221/2760 2205/2761
g default
v -0.132627 0.087423 0.730097
v -0.187205 0.130948 0.714745
v -0.266127 0.193886 0.670794
v -0.332582 0.246882 0.618624
v -0.314699 0.269307 0.618624
v -0.248244 0.216311 0.670794
v -0.169322 0.153373 0.714745
v -0.114743 0.109848 0.730097
v -0.114743 0.109848 0.751130
v -0.132627 0.087423 0.751130
v -0.187206 0.130948 0.734414
v -0.169322 0.153373 0.734414
v -0.266127 0.193886 0.693065
v -0.248244 0.216311 0.693065
v -0.332582 0.246882 0.642191
v -0.314699 0.269307 0.642191
v -0.331055 0.245664 0.643360
v -0.331055 0.245664 0.619823
v -0.313171 0.268089 0.619823
v -0.313171 0.268089 0.643360
v -0.133903 0.088441 0.750775
v -0.133903 0.088441 0.730108
v -0.116020 0.110866 0.730108
v -0.116020 0.110866 0.750775
v -0.115278 0.109177 0.751130
v -0.115278 0.109177 0.730097
v -0.116555 0.110195 0.730108
v -0.169857 0.152702 0.714745
v -0.248779 0.215640 0.670794
v -0.313706 0.267418 0.619823
v -0.315234 0.268636 0.618624
v -0.315234 0.268636 0.642191
v -0.313706 0.267418 0.643360
v -0.248779 0.215640 0.693065
v -0.169857 0.152702 0.734414
v -0.116555 0.110195 0.750775
v -0.132135 0.088039 0.751130
v -0.132135 0.088040 0.730097
v -0.133412 0.089057 0.730108
v -0.186714 0.131564 0.714745
v -0.265636 0.194502 0.670794
v -0.330563 0.246280 0.619823
v -0.332091 0.247498 0.618624
v -0.332091 0.247498 0.642191
v -0.330563 0.246280 0.643360
v -0.265636 0.194502 0.693065
v -0.186714 0.131564 0.734414
v -0.133412 0.089057 0.750775
v -0.266128 0.193886 0.691465
v -0.331055 0.245664 0.641668
v -0.332582 0.246882 0.640497
v -0.332091 0.247498 0.640497
v -0.315234 0.268636 0.640497
v -0.314699 0.269307 0.640497
v -0.313171 0.268089 0.641668
v -0.248244 0.216311 0.691464
v -0.169322 0.153373 0.733000
v -0.116020 0.110866 0.748246
v -0.114743 0.109848 0.748575
v -0.115278 0.109177 0.748575
v -0.132135 0.088039 0.748575
v -0.132627 0.087423 0.748575
v -0.133903 0.088441 0.748246
v -0.187205 0.130948 0.733000
vt 0.112523 0.729179
vt 0.112523 0.750506
vt 0.112523 0.771833
vt 0.112523 0.793160
vt 0.048541 0.729179
vt 0.048541 0.750506
vt 0.048541 0.771833
vt 0.048541 0.793160
vt 0.048541 0.729179
vt 0.112523 0.729179
vt 0.112523 0.750506
vt 0.048541 0.750506
vt 0.112523 0.771833
vt 0.048541 0.771833
vt 0.112523 0.793160
vt 0.048541 0.793160
vt 0.048541 0.729179
vt 0.112523 0.729179
vt 0.112523 0.750506
vt 0.048541 0.750506
vt 0.112523 0.771833
vt 0.048541 0.771833
vt 0.112523 0.793160
vt 0.048541 0.793160
vt 0.112523 0.792670
vt 0.112523 0.792670
vt 0.112523 0.792670
vt 0.048541 0.792670
vt 0.048541 0.792670
vt 0.048541 0.792670
vt 0.112523 0.729779
vt 0.112523 0.729779
vt 0.112523 0.729779
vt 0.048541 0.729779
vt 0.048541 0.729779
vt 0.048541 0.729779
vt 0.050456 0.729179
vt 0.050456 0.729179
vt 0.050456 0.729179
vt 0.050456 0.729779
vt 0.050456 0.750506
vt 0.050456 0.771833
vt 0.050456 0.792670
vt 0.050456 0.793160
vt 0.050456 0.793160
vt 0.050456 0.793160
vt 0.050456 0.792670
vt 0.050456 0.771833
vt 0.050456 0.750506
vt 0.050456 0.729779
vt 0.110764 0.729179
vt 0.110764 0.729179
vt 0.110764 0.729179
vt 0.110764 0.729779
vt 0.110764 0.750506
vt 0.110764 0.771833
vt 0.110764 0.792670
vt 0.110764 0.793160
vt 0.110764 0.793160
vt 0.110764 0.793160
vt 0.110764 0.792670
vt 0.110764 0.771833
vt 0.110764 0.750506
vt 0.110764 0.729779
vt 0.112523 0.771833
vt 0.112523 0.792670
vt 0.112523 0.793160
vt 0.110764 0.793160
vt 0.050456 0.793160
vt 0.048541 0.793160
vt 0.048541 0.792670
vt 0.048541 0.771833
vt 0.048541 0.750506
vt 0.048541 0.729779
vt 0.048541 0.729179
vt 0.050456 0.729179
vt 0.110764 0.729179
vt 0.112523 0.729179
vt 0.112523 0.729779
vt 0.112523 0.750506
s 1
g pasted__pSphere1 group1 pPipe1 pCube9
usemtl pasted__blinn12SG1
f 2233/2798 2248/2817 2260/2831 2249/2818
f 2236/2801 2238/2803 2258/2829 2259/2830
f 2238/2803 2244/2811 2257/2828 2258/2829
s 3
f 2232/2790 2250/2819 2251/2821 2247/2815
f 2231/2793 2252/2822 2253/2823 2230/2795
f 2230/2795 2253/2823 2254/2824 2243/2809
s 4
f 2232/2786 2283/2856 2284/2857 2250/2820
s 5
f 2225/2782 2286/2859 2287/2860 2246/2814
s 6
f 2247/2816 2282/2855 2283/2856 2232/2786
s 5
f 2226/2783 2288/2861 2273/2846 2227/2784
s 6
f 2230/2788 2280/2853 2281/2854 2231/2787
s 5
f 2227/2784 2273/2846 2274/2847 2242/2808
s 8
f 2255/2826 2277/2850 2278/2851 2229/2789
s 6
f 2243/2810 2279/2852 2280/2853 2230/2788
s 5
f 2242/2808 2274/2847 2275/2848 2228/2785
s 3
f 2243/2809 2254/2824 2255/2825 2229/2797
s 6
f 2229/2789 2278/2851 2279/2852 2243/2810
s 1
f 2257/2828 2244/2811 2240/2805 2256/2827
s 5
f 2246/2814 2287/2860 2288/2861 2226/2783
s 3
f 2247/2815 2251/2821 2252/2822 2231/2793
s 6
f 2231/2787 2281/2854 2282/2855 2247/2816
s 1
f 2260/2831 2248/2817 2236/2801 2259/2830
s 4
f 2250/2820 2284/2857 2285/2858 2262/2834
s 3
f 2251/2821 2250/2819 2262/2833 2263/2835
f 2252/2822 2251/2821 2263/2835 2264/2836
f 2253/2823 2252/2822 2264/2836 2265/2837
f 2254/2824 2253/2823 2265/2837 2266/2838
f 2255/2825 2254/2824 2266/2838 2267/2839
s 8
f 2267/2840 2276/2849 2277/2850 2255/2826
s 1
f 2269/2842 2257/2828 2256/2827 2268/2841
f 2258/2829 2257/2828 2269/2842 2270/2843
f 2259/2830 2258/2829 2270/2843 2271/2844
f 2272/2845 2260/2831 2259/2830 2271/2844
f 2249/2818 2260/2831 2272/2845 2261/2832
s 4
f 2262/2834 2285/2858 2286/2859 2225/2782
s 3
f 2263/2835 2262/2833 2225/2791 2246/2813
f 2264/2836 2263/2835 2246/2813 2226/2792
f 2265/2837 2264/2836 2226/2792 2227/2794
f 2266/2838 2265/2837 2227/2794 2242/2807
f 2267/2839 2266/2838 2242/2807 2228/2796
s 8
f 2228/2785 2275/2848 2276/2849 2267/2840
s 1
f 2241/2806 2269/2842 2268/2841 2239/2804
f 2270/2843 2269/2842 2241/2806 2237/2802
f 2271/2844 2270/2843 2237/2802 2235/2800
f 2245/2812 2272/2845 2271/2844 2235/2800
f 2261/2832 2272/2845 2245/2812 2234/2799
s 5
f 2273/2846 2237/2802 2241/2806 2274/2847
f 2275/2848 2274/2847 2241/2806 2239/2804
s 8
f 2276/2849 2275/2848 2239/2804 2268/2841
f 2277/2850 2276/2849 2268/2841 2256/2827
f 2278/2851 2277/2850 2256/2827 2240/2805
s 6
f 2279/2852 2278/2851 2240/2805 2244/2811
f 2280/2853 2279/2852 2244/2811 2238/2803
f 2281/2854 2280/2853 2238/2803 2236/2801
f 2282/2855 2281/2854 2236/2801 2248/2817
f 2283/2856 2282/2855 2248/2817 2233/2798
s 4
f 2284/2857 2283/2856 2233/2798 2249/2818
f 2285/2858 2284/2857 2249/2818 2261/2832
f 2286/2859 2285/2858 2261/2832 2234/2799
s 5
f 2287/2860 2286/2859 2234/2799 2245/2812
f 2288/2861 2287/2860 2245/2812 2235/2800
f 2273/2846 2288/2861 2235/2800 2237/2802
g default
v -0.151041 -0.049185 0.730096
v -0.219100 -0.064719 0.714745
v -0.317514 -0.087181 0.670794
v -0.400381 -0.106095 0.618624
v -0.406764 -0.078131 0.618624
v -0.323896 -0.059217 0.670794
v -0.225483 -0.036755 0.714745
v -0.157424 -0.021221 0.730096
v -0.157424 -0.021221 0.751130
v -0.151041 -0.049185 0.751130
v -0.219100 -0.064719 0.734414
v -0.225482 -0.036755 0.734414
v -0.317514 -0.087181 0.693065
v -0.323896 -0.059217 0.693065
v -0.400381 -0.106095 0.642191
v -0.406764 -0.078131 0.642191
v -0.398477 -0.105661 0.643360
v -0.398477 -0.105661 0.619823
v -0.404860 -0.077697 0.619823
v -0.404860 -0.077697 0.643360
v -0.152633 -0.049548 0.750775
v -0.152633 -0.049548 0.730108
v -0.159016 -0.021584 0.730108
v -0.159016 -0.021584 0.750775
v -0.157233 -0.022057 0.751130
v -0.157233 -0.022057 0.730097
v -0.158825 -0.022421 0.730108
v -0.225291 -0.037591 0.714745
v -0.323706 -0.060054 0.670794
v -0.404669 -0.078533 0.619823
v -0.406573 -0.078968 0.618624
v -0.406573 -0.078968 0.642191
v -0.404669 -0.078533 0.643360
v -0.323706 -0.060054 0.693065
v -0.225291 -0.037591 0.734414
v -0.158825 -0.022421 0.750775
v -0.151217 -0.048416 0.751130
v -0.151217 -0.048416 0.730096
v -0.152809 -0.048779 0.730108
v -0.219275 -0.063950 0.714745
v -0.317689 -0.086412 0.670794
v -0.398652 -0.104892 0.619823
v -0.400557 -0.105326 0.618624
v -0.400557 -0.105326 0.642191
v -0.398652 -0.104892 0.643360
v -0.317689 -0.086412 0.693065
v -0.219275 -0.063950 0.734414
v -0.152809 -0.048779 0.750775
v -0.317514 -0.087181 0.691464
v -0.398477 -0.105661 0.641668
v -0.400382 -0.106095 0.640497
v -0.400557 -0.105326 0.640497
v -0.406573 -0.078968 0.640497
v -0.406764 -0.078131 0.640497
v -0.404860 -0.077697 0.641668
v -0.323896 -0.059217 0.691464
v -0.225483 -0.036755 0.733000
v -0.159016 -0.021584 0.748246
v -0.157424 -0.021221 0.748575
v -0.157233 -0.022057 0.748575
v -0.151217 -0.048416 0.748575
v -0.151041 -0.049185 0.748575
v -0.152633 -0.049548 0.748246
v -0.219100 -0.064719 0.733000
vt 0.112523 0.729179
vt 0.112523 0.750506
vt 0.112523 0.771833
vt 0.112523 0.793160
vt 0.048541 0.729179
vt 0.048541 0.750506
vt 0.048541 0.771833
vt 0.048541 0.793160
vt 0.048541 0.729179
vt 0.112523 0.729179
vt 0.112523 0.750506
vt 0.048541 0.750506
vt 0.112523 0.771833
vt 0.048541 0.771833
vt 0.112523 0.793160
vt 0.048541 0.793160
vt 0.048541 0.729179
vt 0.112523 0.729179
vt 0.112523 0.750506
vt 0.048541 0.750506
vt 0.112523 0.771833
vt 0.048541 0.771833
vt 0.112523 0.793160
vt 0.048541 0.793160
vt 0.112523 0.792670
vt 0.112523 0.792670
vt 0.112523 0.792670
vt 0.048541 0.792670
vt 0.048541 0.792670
vt 0.048541 0.792670
vt 0.112523 0.729779
vt 0.112523 0.729779
vt 0.112523 0.729779
vt 0.048541 0.729779
vt 0.048541 0.729779
vt 0.048541 0.729779
vt 0.050456 0.729179
vt 0.050456 0.729179
vt 0.050456 0.729179
vt 0.050456 0.729779
vt 0.050456 0.750506
vt 0.050456 0.771833
vt 0.050456 0.792670
vt 0.050456 0.793160
vt 0.050456 0.793160
vt 0.050456 0.793160
vt 0.050456 0.792670
vt 0.050456 0.771833
vt 0.050456 0.750506
vt 0.050456 0.729779
vt 0.110764 0.729179
vt 0.110764 0.729179
vt 0.110764 0.729179
vt 0.110764 0.729779
vt 0.110764 0.750506
vt 0.110764 0.771833
vt 0.110764 0.792670
vt 0.110764 0.793160
vt 0.110764 0.793160
vt 0.110764 0.793160
vt 0.110764 0.792670
vt 0.110764 0.771833
vt 0.110764 0.750506
vt 0.110764 0.729779
vt 0.112523 0.771833
vt 0.112523 0.792670
vt 0.112523 0.793160
vt 0.110764 0.793160
vt 0.050456 0.793160
vt 0.048541 0.793160
vt 0.048541 0.792670
vt 0.048541 0.771833
vt 0.048541 0.750506
vt 0.048541 0.729779
vt 0.048541 0.729179
vt 0.050456 0.729179
vt 0.110764 0.729179
vt 0.112523 0.729179
vt 0.112523 0.729779
vt 0.112523 0.750506
s 1
g pasted__pSphere1 group1 pPipe1 pCube10
usemtl pasted__blinn12SG1
f 2297/2878 2312/2897 2324/2911 2313/2898
f 2300/2881 2302/2883 2322/2909 2323/2910
f 2302/2883 2308/2891 2321/2908 2322/2909
s 3
f 2296/2870 2314/2899 2315/2901 2311/2895
f 2295/2873 2316/2902 2317/2903 2294/2875
f 2294/2875 2317/2903 2318/2904 2307/2889
s 4
f 2296/2866 2347/2936 2348/2937 2314/2900
s 5
f 2289/2862 2350/2939 2351/2940 2310/2894
s 6
f 2311/2896 2346/2935 2347/2936 2296/2866
s 5
f 2290/2863 2352/2941 2337/2926 2291/2864
s 6
f 2294/2868 2344/2933 2345/2934 2295/2867
s 5
f 2291/2864 2337/2926 2338/2927 2306/2888
s 8
f 2319/2906 2341/2930 2342/2931 2293/2869
s 6
f 2307/2890 2343/2932 2344/2933 2294/2868
s 5
f 2306/2888 2338/2927 2339/2928 2292/2865
s 3
f 2307/2889 2318/2904 2319/2905 2293/2877
s 6
f 2293/2869 2342/2931 2343/2932 2307/2890
s 1
f 2321/2908 2308/2891 2304/2885 2320/2907
s 5
f 2310/2894 2351/2940 2352/2941 2290/2863
s 3
f 2311/2895 2315/2901 2316/2902 2295/2873
s 6
f 2295/2867 2345/2934 2346/2935 2311/2896
s 1
f 2324/2911 2312/2897 2300/2881 2323/2910
s 4
f 2314/2900 2348/2937 2349/2938 2326/2914
s 3
f 2315/2901 2314/2899 2326/2913 2327/2915
f 2316/2902 2315/2901 2327/2915 2328/2916
f 2317/2903 2316/2902 2328/2916 2329/2917
f 2318/2904 2317/2903 2329/2917 2330/2918
f 2319/2905 2318/2904 2330/2918 2331/2919
s 8
f 2331/2920 2340/2929 2341/2930 2319/2906
s 1
f 2333/2922 2321/2908 2320/2907 2332/2921
f 2322/2909 2321/2908 2333/2922 2334/2923
f 2323/2910 2322/2909 2334/2923 2335/2924
f 2336/2925 2324/2911 2323/2910 2335/2924
f 2313/2898 2324/2911 2336/2925 2325/2912
s 4
f 2326/2914 2349/2938 2350/2939 2289/2862
s 3
f 2327/2915 2326/2913 2289/2871 2310/2893
f 2328/2916 2327/2915 2310/2893 2290/2872
f 2329/2917 2328/2916 2290/2872 2291/2874
f 2330/2918 2329/2917 2291/2874 2306/2887
f 2331/2919 2330/2918 2306/2887 2292/2876
s 8
f 2292/2865 2339/2928 2340/2929 2331/2920
s 1
f 2305/2886 2333/2922 2332/2921 2303/2884
f 2334/2923 2333/2922 2305/2886 2301/2882
f 2335/2924 2334/2923 2301/2882 2299/2880
f 2309/2892 2336/2925 2335/2924 2299/2880
f 2325/2912 2336/2925 2309/2892 2298/2879
s 5
f 2337/2926 2301/2882 2305/2886 2338/2927
f 2339/2928 2338/2927 2305/2886 2303/2884
s 8
f 2340/2929 2339/2928 2303/2884 2332/2921
f 2341/2930 2340/2929 2332/2921 2320/2907
f 2342/2931 2341/2930 2320/2907 2304/2885
s 6
f 2343/2932 2342/2931 2304/2885 2308/2891
f 2344/2933 2343/2932 2308/2891 2302/2883
f 2345/2934 2344/2933 2302/2883 2300/2881
f 2346/2935 2345/2934 2300/2881 2312/2897
f 2347/2936 2346/2935 2312/2897 2297/2878
s 4
f 2348/2937 2347/2936 2297/2878 2313/2898
f 2349/2938 2348/2937 2313/2898 2325/2912
f 2350/2939 2349/2938 2325/2912 2298/2879
s 5
f 2351/2940 2350/2939 2298/2879 2309/2892
f 2352/2941 2351/2940 2309/2892 2299/2880
f 2337/2926 2352/2941 2299/2880 2301/2882
g default
v -0.055719 -0.148755 0.730097
v -0.086007 -0.211651 0.714745
v -0.129805 -0.302599 0.670794
v -0.166685 -0.379180 0.618624
v -0.192528 -0.366735 0.618624
v -0.155648 -0.290154 0.670794
v -0.111850 -0.199206 0.714745
v -0.081561 -0.136310 0.730097
v -0.081561 -0.136310 0.751130
v -0.055719 -0.148755 0.751130
v -0.086007 -0.211651 0.734414
v -0.111850 -0.199206 0.734414
v -0.129805 -0.302599 0.693065
v -0.155648 -0.290154 0.693065
v -0.166685 -0.379180 0.642191
v -0.192528 -0.366735 0.642191
v -0.165837 -0.377420 0.643360
v -0.165837 -0.377421 0.619823
v -0.191680 -0.364975 0.619823
v -0.191680 -0.364975 0.643360
v -0.056427 -0.150226 0.750775
v -0.056427 -0.150226 0.730108
v -0.082270 -0.137781 0.730108
v -0.082270 -0.137781 0.750775
v -0.080788 -0.136683 0.751130
v -0.080788 -0.136682 0.730097
v -0.081496 -0.138153 0.730108
v -0.111077 -0.199578 0.714745
v -0.154875 -0.290526 0.670794
v -0.190907 -0.365348 0.619823
v -0.191754 -0.367108 0.618624
v -0.191755 -0.367108 0.642191
v -0.190907 -0.365348 0.643360
v -0.154875 -0.290526 0.693065
v -0.111077 -0.199578 0.734414
v -0.081496 -0.138153 0.750775
v -0.056429 -0.148413 0.751130
v -0.056429 -0.148413 0.730097
v -0.057138 -0.149884 0.730108
v -0.086718 -0.211309 0.714745
v -0.130516 -0.302257 0.670794
v -0.166548 -0.377078 0.619823
v -0.167396 -0.378838 0.618624
v -0.167396 -0.378838 0.642191
v -0.166548 -0.377078 0.643360
v -0.130516 -0.302257 0.693065
v -0.086718 -0.211309 0.734414
v -0.057138 -0.149884 0.750775
v -0.129805 -0.302599 0.691464
v -0.165837 -0.377420 0.641668
v -0.166685 -0.379180 0.640497
v -0.167396 -0.378838 0.640497
v -0.191755 -0.367108 0.640497
v -0.192528 -0.366735 0.640497
v -0.191680 -0.364975 0.641668
v -0.155648 -0.290154 0.691464
v -0.111850 -0.199206 0.733000
v -0.082270 -0.137781 0.748246
v -0.081561 -0.136310 0.748575
v -0.080788 -0.136683 0.748575
v -0.056429 -0.148413 0.748575
v -0.055719 -0.148755 0.748575
v -0.056427 -0.150226 0.748246
v -0.086007 -0.211651 0.733000
vt 0.112523 0.729179
vt 0.112523 0.750506
vt 0.112523 0.771833
vt 0.112523 0.793160
vt 0.048541 0.729179
vt 0.048541 0.750506
vt 0.048541 0.771833
vt 0.048541 0.793160
vt 0.048541 0.729179
vt 0.112523 0.729179
vt 0.112523 0.750506
vt 0.048541 0.750506
vt 0.112523 0.771833
vt 0.048541 0.771833
vt 0.112523 0.793160
vt 0.048541 0.793160
vt 0.048541 0.729179
vt 0.112523 0.729179
vt 0.112523 0.750506
vt 0.048541 0.750506
vt 0.112523 0.771833
vt 0.048541 0.771833
vt 0.112523 0.793160
vt 0.048541 0.793160
vt 0.112523 0.792670
vt 0.112523 0.792670
vt 0.112523 0.792670
vt 0.048541 0.792670
vt 0.048541 0.792670
vt 0.048541 0.792670
vt 0.112523 0.729779
vt 0.112523 0.729779
vt 0.112523 0.729779
vt 0.048541 0.729779
vt 0.048541 0.729779
vt 0.048541 0.729779
vt 0.050456 0.729179
vt 0.050456 0.729179
vt 0.050456 0.729179
vt 0.050456 0.729779
vt 0.050456 0.750506
vt 0.050456 0.771833
vt 0.050456 0.792670
vt 0.050456 0.793160
vt 0.050456 0.793160
vt 0.050456 0.793160
vt 0.050456 0.792670
vt 0.050456 0.771833
vt 0.050456 0.750506
vt 0.050456 0.729779
vt 0.110764 0.729179
vt 0.110764 0.729179
vt 0.110764 0.729179
vt 0.110764 0.729779
vt 0.110764 0.750506
vt 0.110764 0.771833
vt 0.110764 0.792670
vt 0.110764 0.793160
vt 0.110764 0.793160
vt 0.110764 0.793160
vt 0.110764 0.792670
vt 0.110764 0.771833
vt 0.110764 0.750506
vt 0.110764 0.729779
vt 0.112523 0.771833
vt 0.112523 0.792670
vt 0.112523 0.793160
vt 0.110764 0.793160
vt 0.050456 0.793160
vt 0.048541 0.793160
vt 0.048541 0.792670
vt 0.048541 0.771833
vt 0.048541 0.750506
vt 0.048541 0.729779
vt 0.048541 0.729179
vt 0.050456 0.729179
vt 0.110764 0.729179
vt 0.112523 0.729179
vt 0.112523 0.729779
vt 0.112523 0.750506
s 1
g pasted__pSphere1 group1 pPipe1 pCube11
usemtl pasted__blinn12SG1
f 2361/2958 2376/2977 2388/2991 2377/2978
f 2364/2961 2366/2963 2386/2989 2387/2990
f 2366/2963 2372/2971 2385/2988 2386/2989
s 3
f 2360/2950 2378/2979 2379/2981 2375/2975
f 2359/2953 2380/2982 2381/2983 2358/2955
f 2358/2955 2381/2983 2382/2984 2371/2969
s 4
f 2360/2946 2411/3016 2412/3017 2378/2980
s 5
f 2353/2942 2414/3019 2415/3020 2374/2974
s 6
f 2375/2976 2410/3015 2411/3016 2360/2946
s 5
f 2354/2943 2416/3021 2401/3006 2355/2944
s 6
f 2358/2948 2408/3013 2409/3014 2359/2947
s 5
f 2355/2944 2401/3006 2402/3007 2370/2968
s 8
f 2383/2986 2405/3010 2406/3011 2357/2949
s 6
f 2371/2970 2407/3012 2408/3013 2358/2948
s 5
f 2370/2968 2402/3007 2403/3008 2356/2945
s 3
f 2371/2969 2382/2984 2383/2985 2357/2957
s 6
f 2357/2949 2406/3011 2407/3012 2371/2970
s 1
f 2385/2988 2372/2971 2368/2965 2384/2987
s 5
f 2374/2974 2415/3020 2416/3021 2354/2943
s 3
f 2375/2975 2379/2981 2380/2982 2359/2953
s 6
f 2359/2947 2409/3014 2410/3015 2375/2976
s 1
f 2388/2991 2376/2977 2364/2961 2387/2990
s 4
f 2378/2980 2412/3017 2413/3018 2390/2994
s 3
f 2379/2981 2378/2979 2390/2993 2391/2995
f 2380/2982 2379/2981 2391/2995 2392/2996
f 2381/2983 2380/2982 2392/2996 2393/2997
f 2382/2984 2381/2983 2393/2997 2394/2998
f 2383/2985 2382/2984 2394/2998 2395/2999
s 8
f 2395/3000 2404/3009 2405/3010 2383/2986
s 1
f 2397/3002 2385/2988 2384/2987 2396/3001
f 2386/2989 2385/2988 2397/3002 2398/3003
f 2387/2990 2386/2989 2398/3003 2399/3004
f 2400/3005 2388/2991 2387/2990 2399/3004
f 2377/2978 2388/2991 2400/3005 2389/2992
s 4
f 2390/2994 2413/3018 2414/3019 2353/2942
s 3
f 2391/2995 2390/2993 2353/2951 2374/2973
f 2392/2996 2391/2995 2374/2973 2354/2952
f 2393/2997 2392/2996 2354/2952 2355/2954
f 2394/2998 2393/2997 2355/2954 2370/2967
f 2395/2999 2394/2998 2370/2967 2356/2956
s 8
f 2356/2945 2403/3008 2404/3009 2395/3000
s 1
f 2369/2966 2397/3002 2396/3001 2367/2964
f 2398/3003 2397/3002 2369/2966 2365/2962
f 2399/3004 2398/3003 2365/2962 2363/2960
f 2373/2972 2400/3005 2399/3004 2363/2960
f 2389/2992 2400/3005 2373/2972 2362/2959
s 5
f 2401/3006 2365/2962 2369/2966 2402/3007
f 2403/3008 2402/3007 2369/2966 2367/2964
s 8
f 2404/3009 2403/3008 2367/2964 2396/3001
f 2405/3010 2404/3009 2396/3001 2384/2987
f 2406/3011 2405/3010 2384/2987 2368/2965
s 6
f 2407/3012 2406/3011 2368/2965 2372/2971
f 2408/3013 2407/3012 2372/2971 2366/2963
f 2409/3014 2408/3013 2366/2963 2364/2961
f 2410/3015 2409/3014 2364/2961 2376/2977
f 2411/3016 2410/3015 2376/2977 2361/2958
s 4
f 2412/3017 2411/3016 2361/2958 2377/2978
f 2413/3018 2412/3017 2377/2978 2389/2992
f 2414/3019 2413/3018 2389/2992 2362/2959
s 5
f 2415/3020 2414/3019 2362/2959 2373/2972
f 2416/3021 2415/3020 2373/2972 2363/2960
f 2401/3006 2416/3021 2363/2960 2365/2962
g default
v 0.081562 -0.136310 0.730097
v 0.111851 -0.199205 0.714745
v 0.155649 -0.290153 0.670794
v 0.192529 -0.366735 0.618624
v 0.166686 -0.379180 0.618624
v 0.129806 -0.302598 0.670794
v 0.086008 -0.211650 0.714745
v 0.055719 -0.148755 0.730097
v 0.055719 -0.148755 0.751130
v 0.081562 -0.136310 0.751130
v 0.111851 -0.199205 0.734414
v 0.086008 -0.211650 0.734414
v 0.155649 -0.290153 0.693065
v 0.129807 -0.302598 0.693065
v 0.192529 -0.366735 0.642191
v 0.166686 -0.379180 0.642191
v 0.191681 -0.364975 0.643360
v 0.191681 -0.364975 0.619823
v 0.165839 -0.377420 0.619823
v 0.165839 -0.377420 0.643360
v 0.082270 -0.137781 0.750775
v 0.082270 -0.137781 0.730108
v 0.056427 -0.150226 0.730108
v 0.056427 -0.150226 0.750775
v 0.056492 -0.148383 0.751130
v 0.056492 -0.148383 0.730097
v 0.057201 -0.149854 0.730108
v 0.086781 -0.211278 0.714745
v 0.130580 -0.302226 0.670794
v 0.166612 -0.377048 0.619823
v 0.167460 -0.378807 0.618624
v 0.167460 -0.378807 0.642191
v 0.166612 -0.377048 0.643360
v 0.130580 -0.302226 0.693065
v 0.086781 -0.211278 0.734414
v 0.057201 -0.149854 0.750775
v 0.080851 -0.136652 0.751130
v 0.080851 -0.136652 0.730097
v 0.081559 -0.138123 0.730108
v 0.111140 -0.199547 0.714745
v 0.154939 -0.290495 0.670794
v 0.190971 -0.365317 0.619823
v 0.191819 -0.367077 0.618624
v 0.191819 -0.367077 0.642191
v 0.190971 -0.365317 0.643360
v 0.154939 -0.290495 0.693065
v 0.111140 -0.199547 0.734414
v 0.081559 -0.138123 0.750775
v 0.155649 -0.290153 0.691464
v 0.191681 -0.364975 0.641668
v 0.192529 -0.366735 0.640497
v 0.191819 -0.367077 0.640497
v 0.167460 -0.378807 0.640497
v 0.166686 -0.379180 0.640497
v 0.165839 -0.377420 0.641668
v 0.129807 -0.302598 0.691464
v 0.086008 -0.211650 0.733000
v 0.056427 -0.150226 0.748246
v 0.055719 -0.148755 0.748575
v 0.056492 -0.148383 0.748575
v 0.080851 -0.136652 0.748575
v 0.081562 -0.136310 0.748575
v 0.082270 -0.137781 0.748246
v 0.111851 -0.199205 0.733000
vt 0.112523 0.729179
vt 0.112523 0.750506
vt 0.112523 0.771833
vt 0.112523 0.793160
vt 0.048541 0.729179
vt 0.048541 0.750506
vt 0.048541 0.771833
vt 0.048541 0.793160
vt 0.048541 0.729179
vt 0.112523 0.729179
vt 0.112523 0.750506
vt 0.048541 0.750506
vt 0.112523 0.771833
vt 0.048541 0.771833
vt 0.112523 0.793160
vt 0.048541 0.793160
vt 0.048541 0.729179
vt 0.112523 0.729179
vt 0.112523 0.750506
vt 0.048541 0.750506
vt 0.112523 0.771833
vt 0.048541 0.771833
vt 0.112523 0.793160
vt 0.048541 0.793160
vt 0.112523 0.792670
vt 0.112523 0.792670
vt 0.112523 0.792670
vt 0.048541 0.792670
vt 0.048541 0.792670
vt 0.048541 0.792670
vt 0.112523 0.729779
vt 0.112523 0.729779
vt 0.112523 0.729779
vt 0.048541 0.729779
vt 0.048541 0.729779
vt 0.048541 0.729779
vt 0.050456 0.729179
vt 0.050456 0.729179
vt 0.050456 0.729179
vt 0.050456 0.729779
vt 0.050456 0.750506
vt 0.050456 0.771833
vt 0.050456 0.792670
vt 0.050456 0.793160
vt 0.050456 0.793160
vt 0.050456 0.793160
vt 0.050456 0.792670
vt 0.050456 0.771833
vt 0.050456 0.750506
vt 0.050456 0.729779
vt 0.110764 0.729179
vt 0.110764 0.729179
vt 0.110764 0.729179
vt 0.110764 0.729779
vt 0.110764 0.750506
vt 0.110764 0.771833
vt 0.110764 0.792670
vt 0.110764 0.793160
vt 0.110764 0.793160
vt 0.110764 0.793160
vt 0.110764 0.792670
vt 0.110764 0.771833
vt 0.110764 0.750506
vt 0.110764 0.729779
vt 0.112523 0.771833
vt 0.112523 0.792670
vt 0.112523 0.793160
vt 0.110764 0.793160
vt 0.050456 0.793160
vt 0.048541 0.793160
vt 0.048541 0.792670
vt 0.048541 0.771833
vt 0.048541 0.750506
vt 0.048541 0.729779
vt 0.048541 0.729179
vt 0.050456 0.729179
vt 0.110764 0.729179
vt 0.112523 0.729179
vt 0.112523 0.729779
vt 0.112523 0.750506
s 1
g pasted__pSphere1 group1 pPipe1 pCube12
usemtl pasted__blinn12SG1
f 2425/3038 2440/3057 2452/3071 2441/3058
f 2428/3041 2430/3043 2450/3069 2451/3070
f 2430/3043 2436/3051 2449/3068 2450/3069
s 3
f 2424/3030 2442/3059 2443/3061 2439/3055
f 2423/3033 2444/3062 2445/3063 2422/3035
f 2422/3035 2445/3063 2446/3064 2435/3049
s 4
f 2424/3026 2475/3096 2476/3097 2442/3060
s 5
f 2417/3022 2478/3099 2479/3100 2438/3054
s 6
f 2439/3056 2474/3095 2475/3096 2424/3026
s 5
f 2418/3023 2480/3101 2465/3086 2419/3024
s 6
f 2422/3028 2472/3093 2473/3094 2423/3027
s 5
f 2419/3024 2465/3086 2466/3087 2434/3048
s 8
f 2447/3066 2469/3090 2470/3091 2421/3029
s 6
f 2435/3050 2471/3092 2472/3093 2422/3028
s 5
f 2434/3048 2466/3087 2467/3088 2420/3025
s 3
f 2435/3049 2446/3064 2447/3065 2421/3037
s 6
f 2421/3029 2470/3091 2471/3092 2435/3050
s 1
f 2449/3068 2436/3051 2432/3045 2448/3067
s 5
f 2438/3054 2479/3100 2480/3101 2418/3023
s 3
f 2439/3055 2443/3061 2444/3062 2423/3033
s 6
f 2423/3027 2473/3094 2474/3095 2439/3056
s 1
f 2452/3071 2440/3057 2428/3041 2451/3070
s 4
f 2442/3060 2476/3097 2477/3098 2454/3074
s 3
f 2443/3061 2442/3059 2454/3073 2455/3075
f 2444/3062 2443/3061 2455/3075 2456/3076
f 2445/3063 2444/3062 2456/3076 2457/3077
f 2446/3064 2445/3063 2457/3077 2458/3078
f 2447/3065 2446/3064 2458/3078 2459/3079
s 8
f 2459/3080 2468/3089 2469/3090 2447/3066
s 1
f 2461/3082 2449/3068 2448/3067 2460/3081
f 2450/3069 2449/3068 2461/3082 2462/3083
f 2451/3070 2450/3069 2462/3083 2463/3084
f 2464/3085 2452/3071 2451/3070 2463/3084
f 2441/3058 2452/3071 2464/3085 2453/3072
s 4
f 2454/3074 2477/3098 2478/3099 2417/3022
s 3
f 2455/3075 2454/3073 2417/3031 2438/3053
f 2456/3076 2455/3075 2438/3053 2418/3032
f 2457/3077 2456/3076 2418/3032 2419/3034
f 2458/3078 2457/3077 2419/3034 2434/3047
f 2459/3079 2458/3078 2434/3047 2420/3036
s 8
f 2420/3025 2467/3088 2468/3089 2459/3080
s 1
f 2433/3046 2461/3082 2460/3081 2431/3044
f 2462/3083 2461/3082 2433/3046 2429/3042
f 2463/3084 2462/3083 2429/3042 2427/3040
f 2437/3052 2464/3085 2463/3084 2427/3040
f 2453/3072 2464/3085 2437/3052 2426/3039
s 5
f 2465/3086 2429/3042 2433/3046 2466/3087
f 2467/3088 2466/3087 2433/3046 2431/3044
s 8
f 2468/3089 2467/3088 2431/3044 2460/3081
f 2469/3090 2468/3089 2460/3081 2448/3067
f 2470/3091 2469/3090 2448/3067 2432/3045
s 6
f 2471/3092 2470/3091 2432/3045 2436/3051
f 2472/3093 2471/3092 2436/3051 2430/3043
f 2473/3094 2472/3093 2430/3043 2428/3041
f 2474/3095 2473/3094 2428/3041 2440/3057
f 2475/3096 2474/3095 2440/3057 2425/3038
s 4
f 2476/3097 2475/3096 2425/3038 2441/3058
f 2477/3098 2476/3097 2441/3058 2453/3072
f 2478/3099 2477/3098 2453/3072 2426/3039
s 5
f 2479/3100 2478/3099 2426/3039 2437/3052
f 2480/3101 2479/3100 2437/3052 2427/3040
f 2465/3086 2480/3101 2427/3040 2429/3042
g default
v 0.157424 -0.021220 0.730096
v 0.225483 -0.036754 0.714745
v 0.323896 -0.059216 0.670794
v 0.406765 -0.078130 0.618624
v 0.400382 -0.106094 0.618624
v 0.317514 -0.087180 0.670794
v 0.219100 -0.064718 0.714745
v 0.151042 -0.049184 0.730096
v 0.151042 -0.049184 0.751130
v 0.157424 -0.021220 0.751130
v 0.225483 -0.036754 0.734414
v 0.219100 -0.064718 0.734414
v 0.323896 -0.059216 0.693065
v 0.317514 -0.087180 0.693065
v 0.406765 -0.078130 0.642191
v 0.400382 -0.106094 0.642191
v 0.404860 -0.077695 0.643360
v 0.404860 -0.077695 0.619823
v 0.398477 -0.105659 0.619823
v 0.398477 -0.105659 0.643360
v 0.159016 -0.021584 0.750775
v 0.159016 -0.021584 0.730108
v 0.152633 -0.049548 0.730108
v 0.152633 -0.049548 0.750775
v 0.151233 -0.048348 0.751130
v 0.151233 -0.048348 0.730096
v 0.152824 -0.048711 0.730108
v 0.219291 -0.063881 0.714745
v 0.317705 -0.086343 0.670794
v 0.398669 -0.104823 0.619823
v 0.400573 -0.105257 0.618624
v 0.400573 -0.105257 0.642191
v 0.398669 -0.104823 0.643360
v 0.317705 -0.086343 0.693065
v 0.219291 -0.063881 0.734414
v 0.152824 -0.048711 0.750775
v 0.157249 -0.021989 0.751130
v 0.157249 -0.021989 0.730097
v 0.158840 -0.022352 0.730108
v 0.225307 -0.037523 0.714745
v 0.323721 -0.059985 0.670794
v 0.404685 -0.078464 0.619823
v 0.406589 -0.078899 0.618624
v 0.406589 -0.078899 0.642191
v 0.404685 -0.078464 0.643360
v 0.323721 -0.059985 0.693065
v 0.225307 -0.037523 0.734414
v 0.158840 -0.022352 0.750775
v 0.323897 -0.059216 0.691464
v 0.404860 -0.077695 0.641668
v 0.406765 -0.078130 0.640497
v 0.406589 -0.078899 0.640497
v 0.400573 -0.105257 0.640497
v 0.400382 -0.106094 0.640497
v 0.398477 -0.105659 0.641668
v 0.317514 -0.087180 0.691464
v 0.219100 -0.064718 0.733000
v 0.152633 -0.049548 0.748246
v 0.151042 -0.049184 0.748575
v 0.151233 -0.048348 0.748575
v 0.157249 -0.021989 0.748575
v 0.157424 -0.021220 0.748575
v 0.159016 -0.021584 0.748246
v 0.225483 -0.036754 0.733000
vt 0.112523 0.729179
vt 0.112523 0.750506
vt 0.112523 0.771833
vt 0.112523 0.793160
vt 0.048541 0.729179
vt 0.048541 0.750506
vt 0.048541 0.771833
vt 0.048541 0.793160
vt 0.048541 0.729179
vt 0.112523 0.729179
vt 0.112523 0.750506
vt 0.048541 0.750506
vt 0.112523 0.771833
vt 0.048541 0.771833
vt 0.112523 0.793160
vt 0.048541 0.793160
vt 0.048541 0.729179
vt 0.112523 0.729179
vt 0.112523 0.750506
vt 0.048541 0.750506
vt 0.112523 0.771833
vt 0.048541 0.771833
vt 0.112523 0.793160
vt 0.048541 0.793160
vt 0.112523 0.792670
vt 0.112523 0.792670
vt 0.112523 0.792670
vt 0.048541 0.792670
vt 0.048541 0.792670
vt 0.048541 0.792670
vt 0.112523 0.729779
vt 0.112523 0.729779
vt 0.112523 0.729779
vt 0.048541 0.729779
vt 0.048541 0.729779
vt 0.048541 0.729779
vt 0.050456 0.729179
vt 0.050456 0.729179
vt 0.050456 0.729179
vt 0.050456 0.729779
vt 0.050456 0.750506
vt 0.050456 0.771833
vt 0.050456 0.792670
vt 0.050456 0.793160
vt 0.050456 0.793160
vt 0.050456 0.793160
vt 0.050456 0.792670
vt 0.050456 0.771833
vt 0.050456 0.750506
vt 0.050456 0.729779
vt 0.110764 0.729179
vt 0.110764 0.729179
vt 0.110764 0.729179
vt 0.110764 0.729779
vt 0.110764 0.750506
vt 0.110764 0.771833
vt 0.110764 0.792670
vt 0.110764 0.793160
vt 0.110764 0.793160
vt 0.110764 0.793160
vt 0.110764 0.792670
vt 0.110764 0.771833
vt 0.110764 0.750506
vt 0.110764 0.729779
vt 0.112523 0.771833
vt 0.112523 0.792670
vt 0.112523 0.793160
vt 0.110764 0.793160
vt 0.050456 0.793160
vt 0.048541 0.793160
vt 0.048541 0.792670
vt 0.048541 0.771833
vt 0.048541 0.750506
vt 0.048541 0.729779
vt 0.048541 0.729179
vt 0.050456 0.729179
vt 0.110764 0.729179
vt 0.112523 0.729179
vt 0.112523 0.729779
vt 0.112523 0.750506
s 1
g pasted__pSphere1 group1 pPipe1 pCube13
usemtl pasted__blinn12SG1
f 2489/3118 2504/3137 2516/3151 2505/3138
f 2492/3121 2494/3123 2514/3149 2515/3150
f 2494/3123 2500/3131 2513/3148 2514/3149
s 3
f 2488/3110 2506/3139 2507/3141 2503/3135
f 2487/3113 2508/3142 2509/3143 2486/3115
f 2486/3115 2509/3143 2510/3144 2499/3129
s 4
f 2488/3106 2539/3176 2540/3177 2506/3140
s 5
f 2481/3102 2542/3179 2543/3180 2502/3134
s 6
f 2503/3136 2538/3175 2539/3176 2488/3106
s 5
f 2482/3103 2544/3181 2529/3166 2483/3104
s 6
f 2486/3108 2536/3173 2537/3174 2487/3107
s 5
f 2483/3104 2529/3166 2530/3167 2498/3128
s 8
f 2511/3146 2533/3170 2534/3171 2485/3109
s 6
f 2499/3130 2535/3172 2536/3173 2486/3108
s 5
f 2498/3128 2530/3167 2531/3168 2484/3105
s 3
f 2499/3129 2510/3144 2511/3145 2485/3117
s 6
f 2485/3109 2534/3171 2535/3172 2499/3130
s 1
f 2513/3148 2500/3131 2496/3125 2512/3147
s 5
f 2502/3134 2543/3180 2544/3181 2482/3103
s 3
f 2503/3135 2507/3141 2508/3142 2487/3113
s 6
f 2487/3107 2537/3174 2538/3175 2503/3136
s 1
f 2516/3151 2504/3137 2492/3121 2515/3150
s 4
f 2506/3140 2540/3177 2541/3178 2518/3154
s 3
f 2507/3141 2506/3139 2518/3153 2519/3155
f 2508/3142 2507/3141 2519/3155 2520/3156
f 2509/3143 2508/3142 2520/3156 2521/3157
f 2510/3144 2509/3143 2521/3157 2522/3158
f 2511/3145 2510/3144 2522/3158 2523/3159
s 8
f 2523/3160 2532/3169 2533/3170 2511/3146
s 1
f 2525/3162 2513/3148 2512/3147 2524/3161
f 2514/3149 2513/3148 2525/3162 2526/3163
f 2515/3150 2514/3149 2526/3163 2527/3164
f 2528/3165 2516/3151 2515/3150 2527/3164
f 2505/3138 2516/3151 2528/3165 2517/3152
s 4
f 2518/3154 2541/3178 2542/3179 2481/3102
s 3
f 2519/3155 2518/3153 2481/3111 2502/3133
f 2520/3156 2519/3155 2502/3133 2482/3112
f 2521/3157 2520/3156 2482/3112 2483/3114
f 2522/3158 2521/3157 2483/3114 2498/3127
f 2523/3159 2522/3158 2498/3127 2484/3116
s 8
f 2484/3105 2531/3168 2532/3169 2523/3160
s 1
f 2497/3126 2525/3162 2524/3161 2495/3124
f 2526/3163 2525/3162 2497/3126 2493/3122
f 2527/3164 2526/3163 2493/3122 2491/3120
f 2501/3132 2528/3165 2527/3164 2491/3120
f 2517/3152 2528/3165 2501/3132 2490/3119
s 5
f 2529/3166 2493/3122 2497/3126 2530/3167
f 2531/3168 2530/3167 2497/3126 2495/3124
s 8
f 2532/3169 2531/3168 2495/3124 2524/3161
f 2533/3170 2532/3169 2524/3161 2512/3147
f 2534/3171 2533/3170 2512/3147 2496/3125
s 6
f 2535/3172 2534/3171 2496/3125 2500/3131
f 2536/3173 2535/3172 2500/3131 2494/3123
f 2537/3174 2536/3173 2494/3123 2492/3121
f 2538/3175 2537/3174 2492/3121 2504/3137
f 2539/3176 2538/3175 2504/3137 2489/3118
s 4
f 2540/3177 2539/3176 2489/3118 2505/3138
f 2541/3178 2540/3177 2505/3138 2517/3152
f 2542/3179 2541/3178 2517/3152 2490/3119
s 5
f 2543/3180 2542/3179 2490/3119 2501/3132
f 2544/3181 2543/3180 2501/3132 2491/3120
f 2529/3166 2544/3181 2491/3120 2493/3122
g default
v 0.114743 0.109849 0.730097
v 0.169322 0.153374 0.714745
v 0.248243 0.216312 0.670794
v 0.314698 0.269308 0.618624
v 0.332581 0.246883 0.618624
v 0.266127 0.193887 0.670794
v 0.187205 0.130948 0.714745
v 0.132627 0.087423 0.730097
v 0.132627 0.087423 0.751130
v 0.114743 0.109849 0.751130
v 0.169322 0.153374 0.734414
v 0.187205 0.130948 0.734414
v 0.248243 0.216312 0.693065
v 0.266127 0.193887 0.693065
v 0.314698 0.269308 0.642191
v 0.332581 0.246883 0.642191
v 0.313170 0.268090 0.643360
v 0.313170 0.268090 0.619823
v 0.331054 0.245665 0.619823
v 0.331054 0.245665 0.643360
v 0.116019 0.110867 0.750775
v 0.116019 0.110867 0.730108
v 0.133903 0.088441 0.730108
v 0.133903 0.088441 0.750775
v 0.132092 0.088094 0.751130
v 0.132092 0.088094 0.730097
v 0.133368 0.089112 0.730108
v 0.186670 0.131619 0.714745
v 0.265592 0.194558 0.670794
v 0.330519 0.246336 0.619823
v 0.332047 0.247554 0.618624
v 0.332047 0.247554 0.642191
v 0.330519 0.246336 0.643360
v 0.265592 0.194558 0.693065
v 0.186670 0.131619 0.734414
v 0.133368 0.089112 0.750775
v 0.115235 0.109232 0.751130
v 0.115235 0.109232 0.730097
v 0.116511 0.110250 0.730108
v 0.169813 0.152757 0.714745
v 0.248735 0.215695 0.670794
v 0.313663 0.267474 0.619823
v 0.315189 0.268692 0.618624
v 0.315189 0.268692 0.642191
v 0.313663 0.267474 0.643360
v 0.248735 0.215695 0.693065
v 0.169813 0.152757 0.734414
v 0.116511 0.110250 0.750775
v 0.248243 0.216312 0.691464
v 0.313170 0.268090 0.641668
v 0.314698 0.269308 0.640497
v 0.315189 0.268692 0.640497
v 0.332047 0.247554 0.640497
v 0.332581 0.246883 0.640497
v 0.331054 0.245665 0.641668
v 0.266127 0.193887 0.691465
v 0.187205 0.130949 0.733000
v 0.133903 0.088441 0.748246
v 0.132627 0.087423 0.748575
v 0.132092 0.088094 0.748575
v 0.115235 0.109232 0.748575
v 0.114743 0.109849 0.748575
v 0.116020 0.110867 0.748246
v 0.169322 0.153374 0.733000
vt 0.112523 0.729179
vt 0.112523 0.750506
vt 0.112523 0.771833
vt 0.112523 0.793160
vt 0.048541 0.729179
vt 0.048541 0.750506
vt 0.048541 0.771833
vt 0.048541 0.793160
vt 0.048541 0.729179
vt 0.112523 0.729179
vt 0.112523 0.750506
vt 0.048541 0.750506
vt 0.112523 0.771833
vt 0.048541 0.771833
vt 0.112523 0.793160
vt 0.048541 0.793160
vt 0.048541 0.729179
vt 0.112523 0.729179
vt 0.112523 0.750506
vt 0.048541 0.750506
vt 0.112523 0.771833
vt 0.048541 0.771833
vt 0.112523 0.793160
vt 0.048541 0.793160
vt 0.112523 0.792670
vt 0.112523 0.792670
vt 0.112523 0.792670
vt 0.048541 0.792670
vt 0.048541 0.792670
vt 0.048541 0.792670
vt 0.112523 0.729779
vt 0.112523 0.729779
vt 0.112523 0.729779
vt 0.048541 0.729779
vt 0.048541 0.729779
vt 0.048541 0.729779
vt 0.050456 0.729179
vt 0.050456 0.729179
vt 0.050456 0.729179
vt 0.050456 0.729779
vt 0.050456 0.750506
vt 0.050456 0.771833
vt 0.050456 0.792670
vt 0.050456 0.793160
vt 0.050456 0.793160
vt 0.050456 0.793160
vt 0.050456 0.792670
vt 0.050456 0.771833
vt 0.050456 0.750506
vt 0.050456 0.729779
vt 0.110764 0.729179
vt 0.110764 0.729179
vt 0.110764 0.729179
vt 0.110764 0.729779
vt 0.110764 0.750506
vt 0.110764 0.771833
vt 0.110764 0.792670
vt 0.110764 0.793160
vt 0.110764 0.793160
vt 0.110764 0.793160
vt 0.110764 0.792670
vt 0.110764 0.771833
vt 0.110764 0.750506
vt 0.110764 0.729779
vt 0.112523 0.771833
vt 0.112523 0.792670
vt 0.112523 0.793160
vt 0.110764 0.793160
vt 0.050456 0.793160
vt 0.048541 0.793160
vt 0.048541 0.792670
vt 0.048541 0.771833
vt 0.048541 0.750506
vt 0.048541 0.729779
vt 0.048541 0.729179
vt 0.050456 0.729179
vt 0.110764 0.729179
vt 0.112523 0.729179
vt 0.112523 0.729779
vt 0.112523 0.750506
s 1
g pasted__pSphere1 group1 pPipe1 pCube14
usemtl pasted__blinn12SG1
f 2553/3198 2568/3217 2580/3231 2569/3218
f 2556/3201 2558/3203 2578/3229 2579/3230
f 2558/3203 2564/3211 2577/3228 2578/3229
s 3
f 2552/3190 2570/3219 2571/3221 2567/3215
f 2551/3193 2572/3222 2573/3223 2550/3195
f 2550/3195 2573/3223 2574/3224 2563/3209
s 4
f 2552/3186 2603/3256 2604/3257 2570/3220
s 5
f 2545/3182 2606/3259 2607/3260 2566/3214
s 6
f 2567/3216 2602/3255 2603/3256 2552/3186
s 5
f 2546/3183 2608/3261 2593/3246 2547/3184
s 6
f 2550/3188 2600/3253 2601/3254 2551/3187
s 5
f 2547/3184 2593/3246 2594/3247 2562/3208
s 8
f 2575/3226 2597/3250 2598/3251 2549/3189
s 6
f 2563/3210 2599/3252 2600/3253 2550/3188
s 5
f 2562/3208 2594/3247 2595/3248 2548/3185
s 3
f 2563/3209 2574/3224 2575/3225 2549/3197
s 6
f 2549/3189 2598/3251 2599/3252 2563/3210
s 1
f 2577/3228 2564/3211 2560/3205 2576/3227
s 5
f 2566/3214 2607/3260 2608/3261 2546/3183
s 3
f 2567/3215 2571/3221 2572/3222 2551/3193
s 6
f 2551/3187 2601/3254 2602/3255 2567/3216
s 1
f 2580/3231 2568/3217 2556/3201 2579/3230
s 4
f 2570/3220 2604/3257 2605/3258 2582/3234
s 3
f 2571/3221 2570/3219 2582/3233 2583/3235
f 2572/3222 2571/3221 2583/3235 2584/3236
f 2573/3223 2572/3222 2584/3236 2585/3237
f 2574/3224 2573/3223 2585/3237 2586/3238
f 2575/3225 2574/3224 2586/3238 2587/3239
s 8
f 2587/3240 2596/3249 2597/3250 2575/3226
s 1
f 2589/3242 2577/3228 2576/3227 2588/3241
f 2578/3229 2577/3228 2589/3242 2590/3243
f 2579/3230 2578/3229 2590/3243 2591/3244
f 2592/3245 2580/3231 2579/3230 2591/3244
f 2569/3218 2580/3231 2592/3245 2581/3232
s 4
f 2582/3234 2605/3258 2606/3259 2545/3182
s 3
f 2583/3235 2582/3233 2545/3191 2566/3213
f 2584/3236 2583/3235 2566/3213 2546/3192
f 2585/3237 2584/3236 2546/3192 2547/3194
f 2586/3238 2585/3237 2547/3194 2562/3207
f 2587/3239 2586/3238 2562/3207 2548/3196
s 8
f 2548/3185 2595/3248 2596/3249 2587/3240
s 1
f 2561/3206 2589/3242 2588/3241 2559/3204
f 2590/3243 2589/3242 2561/3206 2557/3202
f 2591/3244 2590/3243 2557/3202 2555/3200
f 2565/3212 2592/3245 2591/3244 2555/3200
f 2581/3232 2592/3245 2565/3212 2554/3199
s 5
f 2593/3246 2557/3202 2561/3206 2594/3247
f 2595/3248 2594/3247 2561/3206 2559/3204
s 8
f 2596/3249 2595/3248 2559/3204 2588/3241
f 2597/3250 2596/3249 2588/3241 2576/3227
f 2598/3251 2597/3250 2576/3227 2560/3205
s 6
f 2599/3252 2598/3251 2560/3205 2564/3211
f 2600/3253 2599/3252 2564/3211 2558/3203
f 2601/3254 2600/3253 2558/3203 2556/3201
f 2602/3255 2601/3254 2556/3201 2568/3217
f 2603/3256 2602/3255 2568/3217 2553/3198
s 4
f 2604/3257 2603/3256 2553/3198 2569/3218
f 2605/3258 2604/3257 2569/3218 2581/3232
f 2606/3259 2605/3258 2581/3232 2554/3199
s 5
f 2607/3260 2606/3259 2554/3199 2565/3212
f 2608/3261 2607/3260 2565/3212 2555/3200
f 2593/3246 2608/3261 2555/3200 2557/3202
g default
v -0.014342 0.158199 0.730096
v -0.014342 0.228008 0.714745
v -0.014343 0.328953 0.670794
v -0.014343 0.413952 0.618624
v 0.014340 0.413952 0.618624
v 0.014340 0.328953 0.670794
v 0.014341 0.228008 0.714745
v 0.014341 0.158199 0.730097
v 0.014341 0.158199 0.751130
v -0.014342 0.158199 0.751130
v -0.014342 0.228008 0.734414
v 0.014341 0.228008 0.734414
v -0.014343 0.328953 0.693065
v 0.014340 0.328953 0.693065
v -0.014343 0.413952 0.642191
v 0.014340 0.413952 0.642191
v -0.014343 0.411998 0.643360
v -0.014343 0.411998 0.619823
v 0.014340 0.411998 0.619823
v 0.014340 0.411998 0.643360
v -0.014342 0.159832 0.750775
v -0.014342 0.159832 0.730108
v 0.014341 0.159832 0.730108
v 0.014341 0.159832 0.750775
v 0.013483 0.158199 0.751130
v 0.013483 0.158199 0.730096
v 0.013483 0.159832 0.730108
v 0.013483 0.228008 0.714745
v 0.013482 0.328953 0.670794
v 0.013482 0.411998 0.619823
v 0.013482 0.413952 0.618624
v 0.013482 0.413952 0.642191
v 0.013482 0.411998 0.643360
v 0.013482 0.328953 0.693065
v 0.013483 0.228008 0.734414
v 0.013483 0.159832 0.750775
v -0.013553 0.158199 0.751130
v -0.013553 0.158199 0.730097
v -0.013553 0.159832 0.730108
v -0.013554 0.228008 0.714745
v -0.013554 0.328953 0.670794
v -0.013554 0.411998 0.619823
v -0.013554 0.413952 0.618624
v -0.013554 0.413952 0.642191
v -0.013554 0.411998 0.643360
v -0.013554 0.328953 0.693065
v -0.013554 0.228008 0.734414
v -0.013553 0.159832 0.750775
v -0.014343 0.328953 0.691464
v -0.014343 0.411998 0.641668
v -0.014343 0.413952 0.640497
v -0.013554 0.413952 0.640497
v 0.013482 0.413952 0.640497
v 0.014340 0.413952 0.640497
v 0.014340 0.411998 0.641668
v 0.014340 0.328953 0.691464
v 0.014341 0.228008 0.733000
v 0.014341 0.159832 0.748246
v 0.014341 0.158199 0.748575
v 0.013483 0.158199 0.748575
v -0.013553 0.158199 0.748575
v -0.014342 0.158199 0.748575
v -0.014342 0.159832 0.748246
v -0.014342 0.228008 0.733000
vt 0.112523 0.729179
vt 0.112523 0.750506
vt 0.112523 0.771833
vt 0.112523 0.793160
vt 0.048541 0.729179
vt 0.048541 0.750506
vt 0.048541 0.771833
vt 0.048541 0.793160
vt 0.048541 0.729179
vt 0.112523 0.729179
vt 0.112523 0.750506
vt 0.048541 0.750506
vt 0.112523 0.771833
vt 0.048541 0.771833
vt 0.112523 0.793160
vt 0.048541 0.793160
vt 0.048541 0.729179
vt 0.112523 0.729179
vt 0.112523 0.750506
vt 0.048541 0.750506
vt 0.112523 0.771833
vt 0.048541 0.771833
vt 0.112523 0.793160
vt 0.048541 0.793160
vt 0.112523 0.792670
vt 0.112523 0.792670
vt 0.112523 0.792670
vt 0.048541 0.792670
vt 0.048541 0.792670
vt 0.048541 0.792670
vt 0.112523 0.729779
vt 0.112523 0.729779
vt 0.112523 0.729779
vt 0.048541 0.729779
vt 0.048541 0.729779
vt 0.048541 0.729779
vt 0.050456 0.729179
vt 0.050456 0.729179
vt 0.050456 0.729179
vt 0.050456 0.729779
vt 0.050456 0.750506
vt 0.050456 0.771833
vt 0.050456 0.792670
vt 0.050456 0.793160
vt 0.050456 0.793160
vt 0.050456 0.793160
vt 0.050456 0.792670
vt 0.050456 0.771833
vt 0.050456 0.750506
vt 0.050456 0.729779
vt 0.110764 0.729179
vt 0.110764 0.729179
vt 0.110764 0.729179
vt 0.110764 0.729779
vt 0.110764 0.750506
vt 0.110764 0.771833
vt 0.110764 0.792670
vt 0.110764 0.793160
vt 0.110764 0.793160
vt 0.110764 0.793160
vt 0.110764 0.792670
vt 0.110764 0.771833
vt 0.110764 0.750506
vt 0.110764 0.729779
vt 0.112523 0.771833
vt 0.112523 0.792670
vt 0.112523 0.793160
vt 0.110764 0.793160
vt 0.050456 0.793160
vt 0.048541 0.793160
vt 0.048541 0.792670
vt 0.048541 0.771833
vt 0.048541 0.750506
vt 0.048541 0.729779
vt 0.048541 0.729179
vt 0.050456 0.729179
vt 0.110764 0.729179
vt 0.112523 0.729179
vt 0.112523 0.729779
vt 0.112523 0.750506
s 1
g pasted__pSphere1 group1 pPipe1 pCube15
usemtl pasted__blinn12SG1
f 2617/3278 2632/3297 2644/3311 2633/3298
f 2620/3281 2622/3283 2642/3309 2643/3310
f 2622/3283 2628/3291 2641/3308 2642/3309
s 3
f 2616/3270 2634/3299 2635/3301 2631/3295
f 2615/3273 2636/3302 2637/3303 2614/3275
f 2614/3275 2637/3303 2638/3304 2627/3289
s 4
f 2616/3266 2667/3336 2668/3337 2634/3300
s 5
f 2609/3262 2670/3339 2671/3340 2630/3294
s 6
f 2631/3296 2666/3335 2667/3336 2616/3266
s 5
f 2610/3263 2672/3341 2657/3326 2611/3264
s 6
f 2614/3268 2664/3333 2665/3334 2615/3267
s 5
f 2611/3264 2657/3326 2658/3327 2626/3288
s 8
f 2639/3306 2661/3330 2662/3331 2613/3269
s 6
f 2627/3290 2663/3332 2664/3333 2614/3268
s 5
f 2626/3288 2658/3327 2659/3328 2612/3265
s 3
f 2627/3289 2638/3304 2639/3305 2613/3277
s 6
f 2613/3269 2662/3331 2663/3332 2627/3290
s 1
f 2641/3308 2628/3291 2624/3285 2640/3307
s 5
f 2630/3294 2671/3340 2672/3341 2610/3263
s 3
f 2631/3295 2635/3301 2636/3302 2615/3273
s 6
f 2615/3267 2665/3334 2666/3335 2631/3296
s 1
f 2644/3311 2632/3297 2620/3281 2643/3310
s 4
f 2634/3300 2668/3337 2669/3338 2646/3314
s 3
f 2635/3301 2634/3299 2646/3313 2647/3315
f 2636/3302 2635/3301 2647/3315 2648/3316
f 2637/3303 2636/3302 2648/3316 2649/3317
f 2638/3304 2637/3303 2649/3317 2650/3318
f 2639/3305 2638/3304 2650/3318 2651/3319
s 8
f 2651/3320 2660/3329 2661/3330 2639/3306
s 1
f 2653/3322 2641/3308 2640/3307 2652/3321
f 2642/3309 2641/3308 2653/3322 2654/3323
f 2643/3310 2642/3309 2654/3323 2655/3324
f 2656/3325 2644/3311 2643/3310 2655/3324
f 2633/3298 2644/3311 2656/3325 2645/3312
s 4
f 2646/3314 2669/3338 2670/3339 2609/3262
s 3
f 2647/3315 2646/3313 2609/3271 2630/3293
f 2648/3316 2647/3315 2630/3293 2610/3272
f 2649/3317 2648/3316 2610/3272 2611/3274
f 2650/3318 2649/3317 2611/3274 2626/3287
f 2651/3319 2650/3318 2626/3287 2612/3276
s 8
f 2612/3265 2659/3328 2660/3329 2651/3320
s 1
f 2625/3286 2653/3322 2652/3321 2623/3284
f 2654/3323 2653/3322 2625/3286 2621/3282
f 2655/3324 2654/3323 2621/3282 2619/3280
f 2629/3292 2656/3325 2655/3324 2619/3280
f 2645/3312 2656/3325 2629/3292 2618/3279
s 5
f 2657/3326 2621/3282 2625/3286 2658/3327
f 2659/3328 2658/3327 2625/3286 2623/3284
s 8
f 2660/3329 2659/3328 2623/3284 2652/3321
f 2661/3330 2660/3329 2652/3321 2640/3307
f 2662/3331 2661/3330 2640/3307 2624/3285
s 6
f 2663/3332 2662/3331 2624/3285 2628/3291
f 2664/3333 2663/3332 2628/3291 2622/3283
f 2665/3334 2664/3333 2622/3283 2620/3281
f 2666/3335 2665/3334 2620/3281 2632/3297
f 2667/3336 2666/3335 2632/3297 2617/3278
s 4
f 2668/3337 2667/3336 2617/3278 2633/3298
f 2669/3338 2668/3337 2633/3298 2645/3312
f 2670/3339 2669/3338 2645/3312 2618/3279
s 5
f 2671/3340 2670/3339 2618/3279 2629/3292
f 2672/3341 2671/3340 2629/3292 2619/3280
f 2657/3326 2672/3341 2619/3280 2621/3282
g default
v 1.662247 0.497632 0.092082
v 1.162835 1.252525 0.077580
v 1.662247 0.497632 -0.097408
v 1.162835 1.252526 -0.087435
v 1.642372 0.426080 -0.097408
v 1.149653 1.243801 -0.087435
v 1.642372 0.426080 0.092082
v 1.149654 1.243800 0.077580
v 1.135144 1.265722 -0.010821
v 1.642372 0.426080 -0.009704
v 1.662247 0.497632 -0.009704
v 1.148326 1.274447 -0.010821
vt 0.679319 0.735312
vt 0.823170 0.738208
vt 0.823170 0.753163
vt 0.679319 0.754069
vt 0.823170 0.753163
vt 0.679319 0.754069
vt 0.823170 0.738208
vt 0.679319 0.735312
vt 0.825301 0.745876
vt 0.679319 0.745038
vt 0.679319 0.745038
vt 0.825301 0.745876
s 1
g pasted__pSphere1 group1 pCube79 pCube80 pasted__pCube111 pasted__pCube112 pasted__pCube111 pasted__pCube112
usemtl pasted__blinn2SG1
f 2683/3352 2675/3345 2676/3344 2684/3353
s off
f 2675/3345 2677/3347 2678/3346 2676/3344
s 2
f 2677/3347 2682/3351 2681/3350 2678/3346
s off
f 2679/3349 2673/3342 2674/3343 2680/3348
s 3
f 2684/3353 2676/3344 2678/3346 2681/3350
s 4
f 2682/3351 2677/3347 2675/3345 2683/3352
s 2
f 2682/3351 2679/3349 2680/3348 2681/3350
s 4
f 2679/3349 2682/3351 2683/3352 2673/3342
s 1
f 2673/3342 2683/3352 2684/3353 2674/3343
s 3
f 2674/3343 2684/3353 2681/3350 2680/3348
g default
v 1.662247 -0.497632 0.092082
v 1.162835 -1.252525 0.077580
v 1.662247 -0.497632 -0.097408
v 1.162835 -1.252526 -0.087435
v 1.642372 -0.426080 -0.097408
v 1.149653 -1.243801 -0.087435
v 1.642372 -0.426080 0.092082
v 1.149654 -1.243800 0.077580
v 1.135144 -1.265722 -0.010821
v 1.642372 -0.426080 -0.009704
v 1.662247 -0.497632 -0.009704
v 1.148326 -1.274447 -0.010821
vt 0.679319 0.735312
vt 0.823170 0.738208
vt 0.823170 0.753163
vt 0.679319 0.754069
vt 0.823170 0.753163
vt 0.679319 0.754069
vt 0.823170 0.738208
vt 0.679319 0.735312
vt 0.825301 0.745876
vt 0.679319 0.745038
vt 0.679319 0.745038
vt 0.825301 0.745876
s 1
g pasted__pSphere1 group1 pCube79 pCube80 pasted__pCube111 pasted__pCube112 pasted__pCube111 pasted__pCube112
usemtl pasted__blinn2SG1
f 2695/3364 2687/3357 2688/3356 2696/3365
s off
f 2687/3357 2689/3359 2690/3358 2688/3356
s 2
f 2689/3359 2694/3363 2693/3362 2690/3358
s off
f 2691/3361 2685/3354 2686/3355 2692/3360
s 3
f 2696/3365 2688/3356 2690/3358 2693/3362
s 4
f 2694/3363 2689/3359 2687/3357 2695/3364
s 2
f 2694/3363 2691/3361 2692/3360 2693/3362
s 4
f 2691/3361 2694/3363 2695/3364 2685/3354
s 1
f 2685/3354 2695/3364 2696/3365 2686/3355
s 3
f 2686/3355 2696/3365 2693/3362 2692/3360
g default
v 1.611683 0.000000 -0.008113
v 1.611683 0.513643 -0.305727
v 1.611683 0.513643 0.283416
v 1.611683 0.000000 0.577988
v 1.611683 -0.513642 0.283416
v 1.611683 -0.513642 -0.305727
v 1.611683 0.000000 -0.600298
v 1.540894 0.433881 -0.259984
v 1.540894 0.433882 0.237673
v 1.540894 0.000000 -0.011155
v 1.540894 0.000000 0.486502
v 1.540894 -0.433881 0.237673
v 1.540894 -0.433881 -0.259984
v 1.540894 0.000000 -0.508813
vt 0.180842 0.307445
vt 0.246544 0.307445
vt 0.185943 0.298549
vt 0.241443 0.298549
vt 0.279395 0.250162
vt 0.147991 0.250162
vt 0.158193 0.250162
vt 0.213693 0.250162
vt 0.269193 0.250162
vt 0.246544 0.192880
vt 0.180842 0.192880
vt 0.185943 0.201775
vt 0.241443 0.201775
vt 0.500000 0.000000
vt 1.000000 0.078970
vt 0.000000 0.078970
vt 0.500000 0.000000
vt 1.000000 0.078573
vt 0.000000 0.078573
vt 0.500000 0.000000
vt 1.000000 0.078573
vt 0.000000 0.078573
vt 0.500000 0.000000
vt 1.000000 0.078970
vt 0.000000 0.078970
vt 0.500000 0.000000
vt 1.000000 0.078573
vt 0.000000 0.078573
vt 0.500000 0.000000
vt 1.000000 0.078573
vt 0.000000 0.078573
s 1
g pasted__pSphere1 group1 pCube79 pCube80 pasted__TFwing pasted__TFwing
usemtl pasted__blinn2SG
f 2705/3369 2706/3373 2704/3368
f 2707/3374 2706/3373 2705/3369
f 2708/3378 2706/3373 2707/3374
f 2709/3377 2706/3373 2708/3378
f 2710/3372 2706/3373 2709/3377
f 2704/3368 2706/3373 2710/3372
s off
f 2699/3367 2705/3369 2704/3368 2698/3366
f 2700/3370 2707/3374 2705/3369 2699/3367
f 2701/3375 2708/3378 2707/3374 2700/3370
f 2702/3376 2709/3377 2708/3378 2701/3375
f 2703/3371 2710/3372 2709/3377 2702/3376
f 2698/3366 2704/3368 2710/3372 2703/3371
f 2697/3379 2699/3381 2698/3380
f 2697/3382 2700/3384 2699/3383
f 2697/3385 2701/3387 2700/3386
f 2697/3388 2702/3390 2701/3389
f 2697/3391 2703/3393 2702/3392
f 2697/3394 2698/3396 2703/3395
g default
v 1.683791 0.497409 -0.108116
v 1.202806 1.275650 -0.093613
v 1.683791 0.497409 0.081375
v 1.202806 1.275651 0.071401
v 1.757160 0.497409 0.081375
v 1.216199 1.284048 0.071401
v 1.757160 0.497409 -0.108116
v 1.216199 1.284047 -0.093613
v 1.202234 1.306320 -0.005212
v 1.757160 0.497409 -0.006329
v 1.683791 0.497409 -0.006329
v 1.188841 1.297923 -0.005212
vt 0.679319 0.735312
vt 0.823170 0.738208
vt 0.823170 0.753163
vt 0.679319 0.754069
vt 0.823170 0.753163
vt 0.679319 0.754069
vt 0.823170 0.738208
vt 0.679319 0.735312
vt 0.825301 0.745876
vt 0.679319 0.745038
vt 0.679319 0.745038
vt 0.825301 0.745876
s 1
g pasted__pSphere1 group1 pCube79 pCube80 pasted__pCube113 pasted__pCube113
usemtl pasted__blinn2SG1
f 2721/3407 2722/3408 2714/3399 2713/3400
s off
f 2713/3400 2714/3399 2716/3401 2715/3402
s 2
f 2715/3402 2716/3401 2719/3405 2720/3406
s off
f 2717/3404 2718/3403 2712/3398 2711/3397
s 3
f 2722/3408 2719/3405 2716/3401 2714/3399
s 4
f 2720/3406 2721/3407 2713/3400 2715/3402
s 2
f 2720/3406 2719/3405 2718/3403 2717/3404
s 4
f 2717/3404 2711/3397 2721/3407 2720/3406
s 1
f 2711/3397 2712/3398 2722/3408 2721/3407
s 3
f 2712/3398 2718/3403 2719/3405 2722/3408
g default
v 1.787525 -0.505174 0.217886
v 1.684854 -0.538133 0.254746
v 1.787525 0.505174 0.217886
v 1.684854 0.538133 0.254746
v 1.787525 0.505174 -0.217886
v 1.684854 0.538133 -0.254746
v 1.787525 -0.505174 -0.217886
v 1.684854 -0.538133 -0.254746
vt 0.303633 0.584433
vt 0.296740 0.574412
vt 0.296740 0.829889
vt 0.303633 0.819869
vt 0.422174 0.829889
vt 0.415282 0.819869
vt 0.422174 0.574412
vt 0.415282 0.584433
s off
g pasted__pSphere1 group1 pCube79 pCube80 pCube78 pCube78
usemtl blinn5SG
f 2723/3409 2724/3410 2726/3411 2725/3412
f 2725/3412 2726/3411 2728/3413 2727/3414
f 2727/3414 2728/3413 2730/3415 2729/3416
f 2729/3416 2730/3415 2724/3410 2723/3409
f 2724/3410 2730/3415 2728/3413 2726/3411
f 2729/3416 2723/3409 2725/3412 2727/3414
g default
v 1.848805 0.238012 -0.051702
v 1.848805 0.221947 -0.101145
v 1.848805 0.195953 -0.146168
v 1.848805 0.161167 -0.184802
v 1.848805 0.119108 -0.215359
v 1.848805 0.071616 -0.236504
v 1.848805 0.020764 -0.247313
v 1.848805 -0.031223 -0.247313
v 1.848805 -0.082074 -0.236504
v 1.848805 -0.129567 -0.215359
v 1.848805 -0.171626 -0.184802
v 1.848805 -0.206412 -0.146168
v 1.848805 -0.232406 -0.101145
v 1.848805 -0.248471 -0.051703
v 1.848805 -0.253905 -0.000000
v 1.848805 -0.248471 0.051702
v 1.848805 -0.232406 0.101145
v 1.848805 -0.206412 0.146168
v 1.848805 -0.171626 0.184802
v 1.848805 -0.129567 0.215359
v 1.848805 -0.082074 0.236504
v 1.848805 -0.031223 0.247313
v 1.848805 0.020764 0.247313
v 1.848805 0.071615 0.236504
v 1.848805 0.119108 0.215359
v 1.848805 0.161167 0.184802
v 1.848805 0.195953 0.146168
v 1.848805 0.221947 0.101145
v 1.848805 0.238012 0.051702
v 1.848805 0.243446 -0.000000
v 1.681283 0.238012 -0.051702
v 1.681283 0.221947 -0.101145
v 1.681283 0.195953 -0.146168
v 1.681283 0.161167 -0.184802
v 1.681283 0.119108 -0.215359
v 1.681283 0.071616 -0.236504
v 1.681283 0.020764 -0.247313
v 1.681283 -0.031223 -0.247313
v 1.681283 -0.082074 -0.236504
v 1.681283 -0.129567 -0.215359
v 1.681283 -0.171626 -0.184802
v 1.681283 -0.206412 -0.146168
v 1.681283 -0.232406 -0.101145
v 1.681283 -0.248471 -0.051703
v 1.681283 -0.253905 -0.000000
v 1.681283 -0.248471 0.051702
v 1.681283 -0.232406 0.101145
v 1.681283 -0.206412 0.146168
v 1.681283 -0.171626 0.184802
v 1.681283 -0.129567 0.215359
v 1.681283 -0.082074 0.236504
v 1.681283 -0.031223 0.247313
v 1.681283 0.020764 0.247313
v 1.681283 0.071615 0.236504
v 1.681283 0.119108 0.215359
v 1.681283 0.161167 0.184802
v 1.681283 0.195953 0.146168
v 1.681283 0.221947 0.101145
v 1.681283 0.238012 0.051702
v 1.681283 0.243446 0.000000
v 1.848805 -0.005229 -0.000000
v 1.681283 -0.005229 0.000000
vt 0.372033 0.750403
vt 0.383881 0.746719
vt 0.383881 0.746719
vt 0.372033 0.750403
vt 0.394669 0.740758
vt 0.394669 0.740758
vt 0.403927 0.732781
vt 0.403927 0.732781
vt 0.411249 0.723135
vt 0.411249 0.723135
vt 0.416316 0.712244
vt 0.416316 0.712244
vt 0.418906 0.700582
vt 0.418906 0.700582
vt 0.418906 0.688660
vt 0.418906 0.688660
vt 0.416316 0.676998
vt 0.416316 0.676998
vt 0.411249 0.666107
vt 0.411249 0.666107
vt 0.403927 0.656462
vt 0.403927 0.656462
vt 0.394669 0.648484
vt 0.394669 0.648484
vt 0.383881 0.642523
vt 0.383881 0.642523
vt 0.372033 0.638839
vt 0.372033 0.638839
vt 0.359644 0.637592
vt 0.359644 0.637592
vt 0.347255 0.638839
vt 0.347255 0.638839
vt 0.335408 0.642523
vt 0.335408 0.642523
vt 0.324619 0.648484
vt 0.324619 0.648484
vt 0.315362 0.656462
vt 0.315362 0.656462
vt 0.308039 0.666107
vt 0.308039 0.666107
vt 0.302973 0.676998
vt 0.302973 0.676998
vt 0.300383 0.688660
vt 0.300383 0.688660
vt 0.300383 0.700582
vt 0.300383 0.700582
vt 0.302973 0.712244
vt 0.302973 0.712244
vt 0.308039 0.723135
vt 0.308039 0.723135
vt 0.315362 0.732781
vt 0.315362 0.732781
vt 0.324619 0.740758
vt 0.324619 0.740758
vt 0.335408 0.746719
vt 0.335408 0.746719
vt 0.347255 0.750403
vt 0.347255 0.750403
vt 0.359644 0.751649
vt 0.359644 0.751649
vt 0.359644 0.694621
vt 0.359644 0.694621
s 1
g pasted__pSphere1 group1 pCube79 pCube80 pCylinder1 pCylinder1
usemtl blinn5SG
f 2731/3417 2732/3418 2762/3419 2761/3420
f 2732/3418 2733/3421 2763/3422 2762/3419
f 2733/3421 2734/3423 2764/3424 2763/3422
f 2734/3423 2735/3425 2765/3426 2764/3424
f 2735/3425 2736/3427 2766/3428 2765/3426
f 2736/3427 2737/3429 2767/3430 2766/3428
f 2737/3429 2738/3431 2768/3432 2767/3430
f 2738/3431 2739/3433 2769/3434 2768/3432
f 2739/3433 2740/3435 2770/3436 2769/3434
f 2740/3435 2741/3437 2771/3438 2770/3436
f 2741/3437 2742/3439 2772/3440 2771/3438
f 2742/3439 2743/3441 2773/3442 2772/3440
f 2743/3441 2744/3443 2774/3444 2773/3442
f 2744/3443 2745/3445 2775/3446 2774/3444
f 2745/3445 2746/3447 2776/3448 2775/3446
f 2746/3447 2747/3449 2777/3450 2776/3448
f 2747/3449 2748/3451 2778/3452 2777/3450
f 2748/3451 2749/3453 2779/3454 2778/3452
f 2749/3453 2750/3455 2780/3456 2779/3454
f 2750/3455 2751/3457 2781/3458 2780/3456
f 2751/3457 2752/3459 2782/3460 2781/3458
f 2752/3459 2753/3461 2783/3462 2782/3460
f 2753/3461 2754/3463 2784/3464 2783/3462
f 2754/3463 2755/3465 2785/3466 2784/3464
f 2755/3465 2756/3467 2786/3468 2785/3466
f 2756/3467 2757/3469 2787/3470 2786/3468
f 2757/3469 2758/3471 2788/3472 2787/3470
f 2758/3471 2759/3473 2789/3474 2788/3472
f 2759/3473 2760/3475 2790/3476 2789/3474
f 2760/3475 2731/3417 2761/3420 2790/3476
s 2
f 2732/3418 2731/3417 2791/3477
f 2733/3421 2732/3418 2791/3477
f 2734/3423 2733/3421 2791/3477
f 2735/3425 2734/3423 2791/3477
f 2736/3427 2735/3425 2791/3477
f 2737/3429 2736/3427 2791/3477
f 2738/3431 2737/3429 2791/3477
f 2739/3433 2738/3431 2791/3477
f 2740/3435 2739/3433 2791/3477
f 2741/3437 2740/3435 2791/3477
f 2742/3439 2741/3437 2791/3477
f 2743/3441 2742/3439 2791/3477
f 2744/3443 2743/3441 2791/3477
f 2745/3445 2744/3443 2791/3477
f 2746/3447 2745/3445 2791/3477
f 2747/3449 2746/3447 2791/3477
f 2748/3451 2747/3449 2791/3477
f 2749/3453 2748/3451 2791/3477
f 2750/3455 2749/3453 2791/3477
f 2751/3457 2750/3455 2791/3477
f 2752/3459 2751/3457 2791/3477
f 2753/3461 2752/3459 2791/3477
f 2754/3463 2753/3461 2791/3477
f 2755/3465 2754/3463 2791/3477
f 2756/3467 2755/3465 2791/3477
f 2757/3469 2756/3467 2791/3477
f 2758/3471 2757/3469 2791/3477
f 2759/3473 2758/3471 2791/3477
f 2760/3475 2759/3473 2791/3477
f 2731/3417 2760/3475 2791/3477
s 3
f 2761/3420 2762/3419 2792/3478
f 2762/3419 2763/3422 2792/3478
f 2763/3422 2764/3424 2792/3478
f 2764/3424 2765/3426 2792/3478
f 2765/3426 2766/3428 2792/3478
f 2766/3428 2767/3430 2792/3478
f 2767/3430 2768/3432 2792/3478
f 2768/3432 2769/3434 2792/3478
f 2769/3434 2770/3436 2792/3478
f 2770/3436 2771/3438 2792/3478
f 2771/3438 2772/3440 2792/3478
f 2772/3440 2773/3442 2792/3478
f 2773/3442 2774/3444 2792/3478
f 2774/3444 2775/3446 2792/3478
f 2775/3446 2776/3448 2792/3478
f 2776/3448 2777/3450 2792/3478
f 2777/3450 2778/3452 2792/3478
f 2778/3452 2779/3454 2792/3478
f 2779/3454 2780/3456 2792/3478
f 2780/3456 2781/3458 2792/3478
f 2781/3458 2782/3460 2792/3478
f 2782/3460 2783/3462 2792/3478
f 2783/3462 2784/3464 2792/3478
f 2784/3464 2785/3466 2792/3478
f 2785/3466 2786/3468 2792/3478
f 2786/3468 2787/3470 2792/3478
f 2787/3470 2788/3472 2792/3478
f 2788/3472 2789/3474 2792/3478
f 2789/3474 2790/3476 2792/3478
f 2790/3476 2761/3420 2792/3478
g default
v -1.662247 0.497632 0.092082
v -1.162835 1.252525 0.077580
v -1.662247 0.497632 -0.097408
v -1.162835 1.252526 -0.087435
v -1.642372 0.426080 -0.097408
v -1.149653 1.243801 -0.087435
v -1.642372 0.426080 0.092082
v -1.149654 1.243800 0.077580
v -1.135144 1.265722 -0.010821
v -1.642372 0.426080 -0.009704
v -1.662247 0.497632 -0.009704
v -1.148326 1.274447 -0.010821
vt 0.679319 0.735312
vt 0.823170 0.738208
vt 0.823170 0.753163
vt 0.679319 0.754069
vt 0.823170 0.753163
vt 0.679319 0.754069
vt 0.823170 0.738208
vt 0.679319 0.735312
vt 0.825301 0.745876
vt 0.679319 0.745038
vt 0.679319 0.745038
vt 0.825301 0.745876
s 1
g pasted__pSphere1 group1 pCube79 pCube80 pasted__pCube111 pasted__pCube112 pasted__pCube111 pasted__pCube112
usemtl pasted__blinn2SG1
f 2803/3489 2795/3482 2796/3481 2804/3490
s off
f 2795/3482 2797/3484 2798/3483 2796/3481
s 2
f 2797/3484 2802/3488 2801/3487 2798/3483
s off
f 2799/3486 2793/3479 2794/3480 2800/3485
s 3
f 2804/3490 2796/3481 2798/3483 2801/3487
s 4
f 2802/3488 2797/3484 2795/3482 2803/3489
s 2
f 2802/3488 2799/3486 2800/3485 2801/3487
s 4
f 2799/3486 2802/3488 2803/3489 2793/3479
s 1
f 2793/3479 2803/3489 2804/3490 2794/3480
s 3
f 2794/3480 2804/3490 2801/3487 2800/3485
g default
v -1.662247 -0.497632 0.092082
v -1.162835 -1.252525 0.077580
v -1.662247 -0.497632 -0.097408
v -1.162835 -1.252526 -0.087435
v -1.642372 -0.426080 -0.097408
v -1.149653 -1.243801 -0.087435
v -1.642372 -0.426080 0.092082
v -1.149654 -1.243800 0.077580
v -1.135144 -1.265722 -0.010821
v -1.642372 -0.426080 -0.009704
v -1.662247 -0.497632 -0.009704
v -1.148326 -1.274447 -0.010821
vt 0.679319 0.735312
vt 0.823170 0.738208
vt 0.823170 0.753163
vt 0.679319 0.754069
vt 0.823170 0.753163
vt 0.679319 0.754069
vt 0.823170 0.738208
vt 0.679319 0.735312
vt 0.825301 0.745876
vt 0.679319 0.745038
vt 0.679319 0.745038
vt 0.825301 0.745876
s 1
g pasted__pSphere1 group1 pCube79 pCube80 pasted__pCube111 pasted__pCube112 pasted__pCube111 pasted__pCube112
usemtl pasted__blinn2SG1
f 2815/3501 2807/3494 2808/3493 2816/3502
s off
f 2807/3494 2809/3496 2810/3495 2808/3493
s 2
f 2809/3496 2814/3500 2813/3499 2810/3495
s off
f 2811/3498 2805/3491 2806/3492 2812/3497
s 3
f 2816/3502 2808/3493 2810/3495 2813/3499
s 4
f 2814/3500 2809/3496 2807/3494 2815/3501
s 2
f 2814/3500 2811/3498 2812/3497 2813/3499
s 4
f 2811/3498 2814/3500 2815/3501 2805/3491
s 1
f 2805/3491 2815/3501 2816/3502 2806/3492
s 3
f 2806/3492 2816/3502 2813/3499 2812/3497
g default
v -1.611683 0.000000 -0.008113
v -1.611683 0.513643 -0.305727
v -1.611683 0.513643 0.283416
v -1.611683 0.000000 0.577988
v -1.611683 -0.513642 0.283416
v -1.611683 -0.513642 -0.305727
v -1.611683 0.000000 -0.600298
v -1.540894 0.433881 -0.259984
v -1.540894 0.433882 0.237673
v -1.540894 0.000000 -0.011155
v -1.540894 0.000000 0.486502
v -1.540894 -0.433881 0.237673
v -1.540894 -0.433881 -0.259984
v -1.540894 0.000000 -0.508813
vt 0.180842 0.307445
vt 0.246544 0.307445
vt 0.185943 0.298549
vt 0.241443 0.298549
vt 0.279395 0.250162
vt 0.147991 0.250162
vt 0.158193 0.250162
vt 0.213693 0.250162
vt 0.269193 0.250162
vt 0.246544 0.192880
vt 0.180842 0.192880
vt 0.185943 0.201775
vt 0.241443 0.201775
vt 0.500000 0.000000
vt 1.000000 0.078970
vt 0.000000 0.078970
vt 0.500000 0.000000
vt 1.000000 0.078573
vt 0.000000 0.078573
vt 0.500000 0.000000
vt 1.000000 0.078573
vt 0.000000 0.078573
vt 0.500000 0.000000
vt 1.000000 0.078970
vt 0.000000 0.078970
vt 0.500000 0.000000
vt 1.000000 0.078573
vt 0.000000 0.078573
vt 0.500000 0.000000
vt 1.000000 0.078573
vt 0.000000 0.078573
s 1
g pasted__pSphere1 group1 pCube79 pCube80 pasted__TFwing pasted__TFwing
usemtl pasted__blinn2SG
f 2825/3506 2826/3510 2824/3505
f 2827/3511 2826/3510 2825/3506
f 2828/3515 2826/3510 2827/3511
f 2829/3514 2826/3510 2828/3515
f 2830/3509 2826/3510 2829/3514
f 2824/3505 2826/3510 2830/3509
s off
f 2819/3504 2825/3506 2824/3505 2818/3503
f 2820/3507 2827/3511 2825/3506 2819/3504
f 2821/3512 2828/3515 2827/3511 2820/3507
f 2822/3513 2829/3514 2828/3515 2821/3512
f 2823/3508 2830/3509 2829/3514 2822/3513
f 2818/3503 2824/3505 2830/3509 2823/3508
f 2817/3516 2819/3518 2818/3517
f 2817/3519 2820/3521 2819/3520
f 2817/3522 2821/3524 2820/3523
f 2817/3525 2822/3527 2821/3526
f 2817/3528 2823/3530 2822/3529
f 2817/3531 2818/3533 2823/3532
g default
v -1.683791 0.497409 -0.108116
v -1.202806 1.275650 -0.093613
v -1.683791 0.497409 0.081375
v -1.202806 1.275651 0.071401
v -1.757160 0.497409 0.081375
v -1.216199 1.284048 0.071401
v -1.757160 0.497409 -0.108116
v -1.216199 1.284047 -0.093613
v -1.202234 1.306320 -0.005212
v -1.757160 0.497409 -0.006329
v -1.683791 0.497409 -0.006329
v -1.188841 1.297923 -0.005212
vt 0.679319 0.735312
vt 0.823170 0.738208
vt 0.823170 0.753163
vt 0.679319 0.754069
vt 0.823170 0.753163
vt 0.679319 0.754069
vt 0.823170 0.738208
vt 0.679319 0.735312
vt 0.825301 0.745876
vt 0.679319 0.745038
vt 0.679319 0.745038
vt 0.825301 0.745876
s 1
g pasted__pSphere1 group1 pCube79 pCube80 pasted__pCube113 pasted__pCube113
usemtl pasted__blinn2SG1
f 2841/3544 2842/3545 2834/3536 2833/3537
s off
f 2833/3537 2834/3536 2836/3538 2835/3539
s 2
f 2835/3539 2836/3538 2839/3542 2840/3543
s off
f 2837/3541 2838/3540 2832/3535 2831/3534
s 3
f 2842/3545 2839/3542 2836/3538 2834/3536
s 4
f 2840/3543 2841/3544 2833/3537 2835/3539
s 2
f 2840/3543 2839/3542 2838/3540 2837/3541
s 4
f 2837/3541 2831/3534 2841/3544 2840/3543
s 1
f 2831/3534 2832/3535 2842/3545 2841/3544
s 3
f 2832/3535 2838/3540 2839/3542 2842/3545
g default
v -1.787525 -0.505174 0.217886
v -1.684854 -0.538133 0.254746
v -1.787525 0.505174 0.217886
v -1.684854 0.538133 0.254746
v -1.787525 0.505174 -0.217886
v -1.684854 0.538133 -0.254746
v -1.787525 -0.505174 -0.217886
v -1.684854 -0.538133 -0.254746
vt 0.303633 0.584433
vt 0.296740 0.574412
vt 0.296740 0.829889
vt 0.303633 0.819869
vt 0.422174 0.829889
vt 0.415282 0.819869
vt 0.422174 0.574412
vt 0.415282 0.584433
s off
g pasted__pSphere1 group1 pCube79 pCube80 pCube78 pCube78
usemtl blinn5SG
f 2843/3546 2844/3547 2846/3548 2845/3549
f 2845/3549 2846/3548 2848/3550 2847/3551
f 2847/3551 2848/3550 2850/3552 2849/3553
f 2849/3553 2850/3552 2844/3547 2843/3546
f 2844/3547 2850/3552 2848/3550 2846/3548
f 2849/3553 2843/3546 2845/3549 2847/3551
g default
v -1.848805 0.238012 -0.051702
v -1.848805 0.221947 -0.101145
v -1.848805 0.195953 -0.146168
v -1.848805 0.161167 -0.184802
v -1.848805 0.119108 -0.215359
v -1.848805 0.071616 -0.236504
v -1.848805 0.020764 -0.247313
v -1.848805 -0.031223 -0.247313
v -1.848805 -0.082074 -0.236504
v -1.848805 -0.129567 -0.215359
v -1.848805 -0.171626 -0.184802
v -1.848805 -0.206412 -0.146168
v -1.848805 -0.232406 -0.101145
v -1.848805 -0.248471 -0.051703
v -1.848805 -0.253905 -0.000000
v -1.848805 -0.248471 0.051702
v -1.848805 -0.232406 0.101145
v -1.848805 -0.206412 0.146168
v -1.848805 -0.171626 0.184802
v -1.848805 -0.129567 0.215359
v -1.848805 -0.082074 0.236504
v -1.848805 -0.031223 0.247313
v -1.848805 0.020764 0.247313
v -1.848805 0.071615 0.236504
v -1.848805 0.119108 0.215359
v -1.848805 0.161167 0.184802
v -1.848805 0.195953 0.146168
v -1.848805 0.221947 0.101145
v -1.848805 0.238012 0.051702
v -1.848805 0.243446 -0.000000
v -1.681283 0.238012 -0.051702
v -1.681283 0.221947 -0.101145
v -1.681283 0.195953 -0.146168
v -1.681283 0.161167 -0.184802
v -1.681283 0.119108 -0.215359
v -1.681283 0.071616 -0.236504
v -1.681283 0.020764 -0.247313
v -1.681283 -0.031223 -0.247313
v -1.681283 -0.082074 -0.236504
v -1.681283 -0.129567 -0.215359
v -1.681283 -0.171626 -0.184802
v -1.681283 -0.206412 -0.146168
v -1.681283 -0.232406 -0.101145
v -1.681283 -0.248471 -0.051703
v -1.681283 -0.253905 -0.000000
v -1.681283 -0.248471 0.051702
v -1.681283 -0.232406 0.101145
v -1.681283 -0.206412 0.146168
v -1.681283 -0.171626 0.184802
v -1.681283 -0.129567 0.215359
v -1.681283 -0.082074 0.236504
v -1.681283 -0.031223 0.247313
v -1.681283 0.020764 0.247313
v -1.681283 0.071615 0.236504
v -1.681283 0.119108 0.215359
v -1.681283 0.161167 0.184802
v -1.681283 0.195953 0.146168
v -1.681283 0.221947 0.101145
v -1.681283 0.238012 0.051702
v -1.681283 0.243446 0.000000
v -1.848805 -0.005229 -0.000000
v -1.681283 -0.005229 0.000000
vt 0.372033 0.750403
vt 0.383881 0.746719
vt 0.383881 0.746719
vt 0.372033 0.750403
vt 0.394669 0.740758
vt 0.394669 0.740758
vt 0.403927 0.732781
vt 0.403927 0.732781
vt 0.411249 0.723135
vt 0.411249 0.723135
vt 0.416316 0.712244
vt 0.416316 0.712244
vt 0.418906 0.700582
vt 0.418906 0.700582
vt 0.418906 0.688660
vt 0.418906 0.688660
vt 0.416316 0.676998
vt 0.416316 0.676998
vt 0.411249 0.666107
vt 0.411249 0.666107
vt 0.403927 0.656462
vt 0.403927 0.656462
vt 0.394669 0.648484
vt 0.394669 0.648484
vt 0.383881 0.642523
vt 0.383881 0.642523
vt 0.372033 0.638839
vt 0.372033 0.638839
vt 0.359644 0.637592
vt 0.359644 0.637592
vt 0.347255 0.638839
vt 0.347255 0.638839
vt 0.335408 0.642523
vt 0.335408 0.642523
vt 0.324619 0.648484
vt 0.324619 0.648484
vt 0.315362 0.656462
vt 0.315362 0.656462
vt 0.308039 0.666107
vt 0.308039 0.666107
vt 0.302973 0.676998
vt 0.302973 0.676998
vt 0.300383 0.688660
vt 0.300383 0.688660
vt 0.300383 0.700582
vt 0.300383 0.700582
vt 0.302973 0.712244
vt 0.302973 0.712244
vt 0.308039 0.723135
vt 0.308039 0.723135
vt 0.315362 0.732781
vt 0.315362 0.732781
vt 0.324619 0.740758
vt 0.324619 0.740758
vt 0.335408 0.746719
vt 0.335408 0.746719
vt 0.347255 0.750403
vt 0.347255 0.750403
vt 0.359644 0.751649
vt 0.359644 0.751649
vt 0.359644 0.694621
vt 0.359644 0.694621
s 1
g pasted__pSphere1 group1 pCube79 pCube80 pCylinder1 pCylinder1
usemtl blinn5SG
f 2851/3554 2852/3555 2882/3556 2881/3557
f 2852/3555 2853/3558 2883/3559 2882/3556
f 2853/3558 2854/3560 2884/3561 2883/3559
f 2854/3560 2855/3562 2885/3563 2884/3561
f 2855/3562 2856/3564 2886/3565 2885/3563
f 2856/3564 2857/3566 2887/3567 2886/3565
f 2857/3566 2858/3568 2888/3569 2887/3567
f 2858/3568 2859/3570 2889/3571 2888/3569
f 2859/3570 2860/3572 2890/3573 2889/3571
f 2860/3572 2861/3574 2891/3575 2890/3573
f 2861/3574 2862/3576 2892/3577 2891/3575
f 2862/3576 2863/3578 2893/3579 2892/3577
f 2863/3578 2864/3580 2894/3581 2893/3579
f 2864/3580 2865/3582 2895/3583 2894/3581
f 2865/3582 2866/3584 2896/3585 2895/3583
f 2866/3584 2867/3586 2897/3587 2896/3585
f 2867/3586 2868/3588 2898/3589 2897/3587
f 2868/3588 2869/3590 2899/3591 2898/3589
f 2869/3590 2870/3592 2900/3593 2899/3591
f 2870/3592 2871/3594 2901/3595 2900/3593
f 2871/3594 2872/3596 2902/3597 2901/3595
f 2872/3596 2873/3598 2903/3599 2902/3597
f 2873/3598 2874/3600 2904/3601 2903/3599
f 2874/3600 2875/3602 2905/3603 2904/3601
f 2875/3602 2876/3604 2906/3605 2905/3603
f 2876/3604 2877/3606 2907/3607 2906/3605
f 2877/3606 2878/3608 2908/3609 2907/3607
f 2878/3608 2879/3610 2909/3611 2908/3609
f 2879/3610 2880/3612 2910/3613 2909/3611
f 2880/3612 2851/3554 2881/3557 2910/3613
s 2
f 2852/3555 2851/3554 2911/3614
f 2853/3558 2852/3555 2911/3614
f 2854/3560 2853/3558 2911/3614
f 2855/3562 2854/3560 2911/3614
f 2856/3564 2855/3562 2911/3614
f 2857/3566 2856/3564 2911/3614
f 2858/3568 2857/3566 2911/3614
f 2859/3570 2858/3568 2911/3614
f 2860/3572 2859/3570 2911/3614
f 2861/3574 2860/3572 2911/3614
f 2862/3576 2861/3574 2911/3614
f 2863/3578 2862/3576 2911/3614
f 2864/3580 2863/3578 2911/3614
f 2865/3582 2864/3580 2911/3614
f 2866/3584 2865/3582 2911/3614
f 2867/3586 2866/3584 2911/3614
f 2868/3588 2867/3586 2911/3614
f 2869/3590 2868/3588 2911/3614
f 2870/3592 2869/3590 2911/3614
f 2871/3594 2870/3592 2911/3614
f 2872/3596 2871/3594 2911/3614
f 2873/3598 2872/3596 2911/3614
f 2874/3600 2873/3598 2911/3614
f 2875/3602 2874/3600 2911/3614
f 2876/3604 2875/3602 2911/3614
f 2877/3606 2876/3604 2911/3614
f 2878/3608 2877/3606 2911/3614
f 2879/3610 2878/3608 2911/3614
f 2880/3612 2879/3610 2911/3614
f 2851/3554 2880/3612 2911/3614
s 3
f 2881/3557 2882/3556 2912/3615
f 2882/3556 2883/3559 2912/3615
f 2883/3559 2884/3561 2912/3615
f 2884/3561 2885/3563 2912/3615
f 2885/3563 2886/3565 2912/3615
f 2886/3565 2887/3567 2912/3615
f 2887/3567 2888/3569 2912/3615
f 2888/3569 2889/3571 2912/3615
f 2889/3571 2890/3573 2912/3615
f 2890/3573 2891/3575 2912/3615
f 2891/3575 2892/3577 2912/3615
f 2892/3577 2893/3579 2912/3615
f 2893/3579 2894/3581 2912/3615
f 2894/3581 2895/3583 2912/3615
f 2895/3583 2896/3585 2912/3615
f 2896/3585 2897/3587 2912/3615
f 2897/3587 2898/3589 2912/3615
f 2898/3589 2899/3591 2912/3615
f 2899/3591 2900/3593 2912/3615
f 2900/3593 2901/3595 2912/3615
f 2901/3595 2902/3597 2912/3615
f 2902/3597 2903/3599 2912/3615
f 2903/3599 2904/3601 2912/3615
f 2904/3601 2905/3603 2912/3615
f 2905/3603 2906/3605 2912/3615
f 2906/3605 2907/3607 2912/3615
f 2907/3607 2908/3609 2912/3615
f 2908/3609 2909/3611 2912/3615
f 2909/3611 2910/3613 2912/3615
f 2910/3613 2881/3557 2912/3615
g default
v 1.649106 0.419976 0.008979
v 1.149519 1.248915 0.005947
v 1.649107 0.419975 -0.023005
v 1.149518 1.248915 -0.020822
v 1.649107 0.370771 -0.023005
v 1.136337 1.240190 -0.020822
v 1.649107 0.370772 0.008979
v 1.136337 1.240190 0.005947
v 1.134458 1.243029 -0.008542
v 1.649107 0.370771 -0.008333
v 1.649107 0.419975 -0.008333
v 1.147639 1.251754 -0.008542
vt 0.661933 0.742362
vt 0.823170 0.743911
vt 0.823170 0.747460
vt 0.661933 0.747019
vt 0.823170 0.747460
vt 0.661933 0.747019
vt 0.823170 0.743911
vt 0.661933 0.742362
vt 0.825301 0.745731
vt 0.661933 0.744777
vt 0.661933 0.744777
vt 0.825301 0.745731
s 1
g pasted__pSphere1 group1 pCube79 pCube80 pasted__pCube111 pasted__pCube112 pasted__pCube111 pasted__pCube112 pasted__pCube107 pasted__pCube107 pasted__pCube107 pasted__pCube107
usemtl pasted__blinn2SG1
f 2923/3626 2915/3619 2916/3618 2924/3627
s off
f 2915/3619 2917/3621 2918/3620 2916/3618
s 2
f 2917/3621 2922/3625 2921/3624 2918/3620
s off
f 2919/3623 2913/3616 2914/3617 2920/3622
s 3
f 2924/3627 2916/3618 2918/3620 2921/3624
s 4
f 2922/3625 2917/3621 2915/3619 2923/3626
s 2
f 2922/3625 2919/3623 2920/3622 2921/3624
s 4
f 2919/3623 2922/3625 2923/3626 2913/3616
s 1
f 2913/3616 2923/3626 2924/3627 2914/3617
s 3
f 2914/3617 2924/3627 2921/3624 2920/3622
g default
v 1.649106 -0.419976 0.008979
v 1.149519 -1.248915 0.005947
v 1.649107 -0.419975 -0.023005
v 1.149518 -1.248915 -0.020822
v 1.649107 -0.370771 -0.023005
v 1.136337 -1.240190 -0.020822
v 1.649107 -0.370772 0.008979
v 1.136337 -1.240190 0.005947
v 1.134458 -1.243029 -0.008542
v 1.649107 -0.370771 -0.008333
v 1.649107 -0.419975 -0.008333
v 1.147639 -1.251754 -0.008542
vt 0.661933 0.742362
vt 0.823170 0.743911
vt 0.823170 0.747460
vt 0.661933 0.747019
vt 0.823170 0.747460
vt 0.661933 0.747019
vt 0.823170 0.743911
vt 0.661933 0.742362
vt 0.825301 0.745731
vt 0.661933 0.744777
vt 0.661933 0.744777
vt 0.825301 0.745731
s 1
g pasted__pSphere1 group1 pCube79 pCube80 pasted__pCube111 pasted__pCube112 pasted__pCube111 pasted__pCube112 pasted__pCube107 pasted__pCube107 pasted__pCube107 pasted__pCube107
usemtl pasted__blinn2SG1
f 2935/3638 2927/3631 2928/3630 2936/3639
s off
f 2927/3631 2929/3633 2930/3632 2928/3630
s 2
f 2929/3633 2934/3637 2933/3636 2930/3632
s off
f 2931/3635 2925/3628 2926/3629 2932/3634
s 3
f 2936/3639 2928/3630 2930/3632 2933/3636
s 4
f 2934/3637 2929/3633 2927/3631 2935/3638
s 2
f 2934/3637 2931/3635 2932/3634 2933/3636
s 4
f 2931/3635 2934/3637 2935/3638 2925/3628
s 1
f 2925/3628 2935/3638 2936/3639 2926/3629
s 3
f 2926/3629 2936/3639 2933/3636 2932/3634
g default
v 1.759935 0.488754 -0.025012
v 1.211598 1.286284 -0.021981
v 1.759936 0.488753 0.006972
v 1.211597 1.286284 0.004789
v 1.786909 0.488754 0.006972
v 1.224991 1.294681 0.004789
v 1.786909 0.488754 -0.025012
v 1.224991 1.294681 -0.021981
v 1.223182 1.297566 -0.007491
v 1.786909 0.488754 -0.007700
v 1.759936 0.488753 -0.007700
v 1.209789 1.289169 -0.007491
vt 0.661933 0.742362
vt 0.823170 0.743911
vt 0.823170 0.747460
vt 0.661933 0.747019
vt 0.823170 0.747460
vt 0.661933 0.747019
vt 0.823170 0.743911
vt 0.661933 0.742362
vt 0.825301 0.745731
vt 0.661933 0.744777
vt 0.661933 0.744777
vt 0.825301 0.745731
s 1
g pasted__pSphere1 group1 pCube79 pCube80 pasted__pCube113 pasted__pCube113 pasted__pCube107 pasted__pCube107
usemtl pasted__blinn2SG1
f 2947/3650 2948/3651 2940/3642 2939/3643
s off
f 2939/3643 2940/3642 2942/3644 2941/3645
s 2
f 2941/3645 2942/3644 2945/3648 2946/3649
s off
f 2943/3647 2944/3646 2938/3641 2937/3640
s 3
f 2948/3651 2945/3648 2942/3644 2940/3642
s 4
f 2946/3649 2947/3650 2939/3643 2941/3645
s 2
f 2946/3649 2945/3648 2944/3646 2943/3647
s 4
f 2943/3647 2937/3640 2947/3650 2946/3649
s 1
f 2937/3640 2938/3641 2948/3651 2947/3650
s 3
f 2938/3641 2944/3646 2945/3648 2948/3651
g default
v -1.649106 0.419976 0.008979
v -1.149519 1.248915 0.005947
v -1.649107 0.419975 -0.023005
v -1.149518 1.248915 -0.020822
v -1.649107 0.370771 -0.023005
v -1.136337 1.240190 -0.020822
v -1.649107 0.370772 0.008979
v -1.136337 1.240190 0.005947
v -1.134458 1.243029 -0.008542
v -1.649107 0.370771 -0.008333
v -1.649107 0.419975 -0.008333
v -1.147639 1.251754 -0.008542
vt 0.661933 0.742362
vt 0.823170 0.743911
vt 0.823170 0.747460
vt 0.661933 0.747019
vt 0.823170 0.747460
vt 0.661933 0.747019
vt 0.823170 0.743911
vt 0.661933 0.742362
vt 0.825301 0.745731
vt 0.661933 0.744777
vt 0.661933 0.744777
vt 0.825301 0.745731
s 1
g pasted__pSphere1 group1 pCube79 pCube80 pasted__pCube111 pasted__pCube112 pasted__pCube111 pasted__pCube112 pasted__pCube107 pasted__pCube107 pasted__pCube107 pasted__pCube107
usemtl pasted__blinn2SG1
f 2959/3662 2951/3655 2952/3654 2960/3663
s off
f 2951/3655 2953/3657 2954/3656 2952/3654
s 2
f 2953/3657 2958/3661 2957/3660 2954/3656
s off
f 2955/3659 2949/3652 2950/3653 2956/3658
s 3
f 2960/3663 2952/3654 2954/3656 2957/3660
s 4
f 2958/3661 2953/3657 2951/3655 2959/3662
s 2
f 2958/3661 2955/3659 2956/3658 2957/3660
s 4
f 2955/3659 2958/3661 2959/3662 2949/3652
s 1
f 2949/3652 2959/3662 2960/3663 2950/3653
s 3
f 2950/3653 2960/3663 2957/3660 2956/3658
g default
v -1.649106 -0.419976 0.008979
v -1.149519 -1.248915 0.005947
v -1.649107 -0.419975 -0.023005
v -1.149518 -1.248915 -0.020822
v -1.649107 -0.370771 -0.023005
v -1.136337 -1.240190 -0.020822
v -1.649107 -0.370772 0.008979
v -1.136337 -1.240190 0.005947
v -1.134458 -1.243029 -0.008542
v -1.649107 -0.370771 -0.008333
v -1.649107 -0.419975 -0.008333
v -1.147639 -1.251754 -0.008542
vt 0.661933 0.742362
vt 0.823170 0.743911
vt 0.823170 0.747460
vt 0.661933 0.747019
vt 0.823170 0.747460
vt 0.661933 0.747019
vt 0.823170 0.743911
vt 0.661933 0.742362
vt 0.825301 0.745731
vt 0.661933 0.744777
vt 0.661933 0.744777
vt 0.825301 0.745731
s 1
g pasted__pSphere1 group1 pCube79 pCube80 pasted__pCube111 pasted__pCube112 pasted__pCube111 pasted__pCube112 pasted__pCube107 pasted__pCube107 pasted__pCube107 pasted__pCube107
usemtl pasted__blinn2SG1
f 2971/3674 2963/3667 2964/3666 2972/3675
s off
f 2963/3667 2965/3669 2966/3668 2964/3666
s 2
f 2965/3669 2970/3673 2969/3672 2966/3668
s off
f 2967/3671 2961/3664 2962/3665 2968/3670
s 3
f 2972/3675 2964/3666 2966/3668 2969/3672
s 4
f 2970/3673 2965/3669 2963/3667 2971/3674
s 2
f 2970/3673 2967/3671 2968/3670 2969/3672
s 4
f 2967/3671 2970/3673 2971/3674 2961/3664
s 1
f 2961/3664 2971/3674 2972/3675 2962/3665
s 3
f 2962/3665 2972/3675 2969/3672 2968/3670
g default
v -1.759935 0.488754 -0.025012
v -1.211598 1.286284 -0.021981
v -1.759936 0.488753 0.006972
v -1.211597 1.286284 0.004789
v -1.786909 0.488754 0.006972
v -1.224991 1.294681 0.004789
v -1.786909 0.488754 -0.025012
v -1.224991 1.294681 -0.021981
v -1.223182 1.297566 -0.007491
v -1.786909 0.488754 -0.007700
v -1.759936 0.488753 -0.007700
v -1.209789 1.289169 -0.007491
vt 0.661933 0.742362
vt 0.823170 0.743911
vt 0.823170 0.747460
vt 0.661933 0.747019
vt 0.823170 0.747460
vt 0.661933 0.747019
vt 0.823170 0.743911
vt 0.661933 0.742362
vt 0.825301 0.745731
vt 0.661933 0.744777
vt 0.661933 0.744777
vt 0.825301 0.745731
s 1
g pasted__pSphere1 group1 pCube79 pCube80 pasted__pCube113 pasted__pCube113 pasted__pCube107 pasted__pCube107
usemtl pasted__blinn2SG1
f 2983/3686 2984/3687 2976/3678 2975/3679
s off
f 2975/3679 2976/3678 2978/3680 2977/3681
s 2
f 2977/3681 2978/3680 2981/3684 2982/3685
s off
f 2979/3683 2980/3682 2974/3677 2973/3676
s 3
f 2984/3687 2981/3684 2978/3680 2976/3678
s 4
f 2982/3685 2983/3686 2975/3679 2977/3681
s 2
f 2982/3685 2981/3684 2980/3682 2979/3683
s 4
f 2979/3683 2973/3676 2983/3686 2982/3685
s 1
f 2973/3676 2974/3677 2984/3687 2983/3686
s 3
f 2974/3677 2980/3682 2981/3684 2984/3687
